"FireScar","Latitude","Longitude"
"Aggie",65.2315,-148.13765
"Aggie",65.23635,-148.1286
"Aggie",65.23642,-148.1326
"Aggie",65.24432,-148.14642
"Aggie",65.24142,-148.14252
"Aggie",65.23398,-148.13544
"Aggie",65.23412,-148.13985
"Aggie",65.23943,-148.13654
"BearFish",66.52510621,-143.7934236
"BearFish",66.52469084,-143.8005356
"BearFish",66.52227216,-143.8054394
"BearFish",66.52526618,-143.8088417
"BearFish",66.52399791,-143.8054985
"BigTractor",66.37230751,-143.6317154
"BigTractor",66.37074257,-143.6351275
"BigTractor",66.36802578,-143.6217759
"BigTractor",66.36867043,-143.6329581
"BigTractor",66.36946939,-143.6194251
"BigTractor",66.36760438,-143.613395
"BitzshitiniCosnaLittle",64.574079,-151.778967
"BitzshitiniCosnaLittle",64.574818,-151.781771
"BitzshitiniCosnaLittle",64.574387,-151.786093
"BitzshitiniCosnaLittle",64.578601,-151.760071
"BitzshitiniCosnaLittle",64.578307,-151.7637
"BitzshitiniCosnaLittle",64.579701,-151.767221
"BitzshitiniWien",64.485156,-151.690794
"BitzshitiniWien",64.486401,-151.690085
"BitzshitiniWien",64.476416,-151.712538
"BitzshitiniWien",64.474824,-151.713448
"BitzshitiniWien",64.476278,-151.705187
"Chitanana",64.830883,-151.342338
"Chitanana",64.831622,-151.351287
"Chitanana",64.830901,-151.348719
"Chitanana",64.83542,-151.445774
"Chitanana",64.834231,-151.442154
"ChitananaMooseheart",64.851141,-151.454633
"ChitananaMooseheart",64.852442,-151.456139
"ChitananaMooseheart",64.85146,-150.458963
"ChitananaMooseheart",64.808766,-151.447426
"ChitananaMooseheart",64.811182,-151.44364
"Douglas",66.917751,-150.435921
"Douglas",66.91704,-150.434094
"Douglas",66.893834,-150.515784
"Douglas",66.83831,-150.519716
"Douglas",66.898437,-150.519309
"DouglasBonanza",66.856074,-150.547601
"DouglasBonanza",66.856464,-150.54414
"DouglasBonanza",66.85634886,-150.5438831
"DouglasBonanza",66.850796,-150.56532
"DouglasBonanza",66.85002079,-150.5668378
"DragonMooseheart",64.822845,-151.158285
"DragonMooseheart",64.821359,-151.159987
"DragonMooseheart",64.82715,-151.18263
"DragonMooseheart",64.828649,-151.181782
"DragonMooseheart",64.82934,-151.179094
"DryMooseheart",64.892506,-150.798798
"DryMooseheart",64.891863,-150.795388
"DryMooseheart",64.891201,-150.802512
"DryMooseheart",64.892365,-150.833988
"DryMooseheart",64.893043,-150.832182
"FrozenBlackCalf",66.71096619,-142.7759275
"FrozenBlackCalf",66.71070409,-142.7713893
"FrozenBlackCalf",66.712644,-142.7730993
"FrozenBlackCalf",66.71539703,-142.7741611
"FrozenBlackCalf",66.71621259,-142.7752526
"FrozenBlackCalf",66.71679916,-142.7803668
"FrozenCalf",66.73341662,-142.768624
"FrozenCalf",66.73518759,-142.7701453
"FrozenCalf",66.80594694,-143.0198768
"FrozenCalf",66.80569201,-143.015411
"FrozenCalf",66.73445912,-142.7728812
"FrozenCalf",66.80668304,-143.0156957
"FrozenFish",66.82230033,-143.2420002
"FrozenFish",66.87765878,-143.2235566
"FrozenFish",66.87654964,-143.2214955
"FrozenFish",66.82298543,-143.2449445
"FrozenFish",66.82369864,-143.2413749
"FrozenFish",66.87581958,-143.2246886
"Isom",65.84867,-149.618177
"Isom",65.849355,-149.61353
"Isom",65.850034,-149.611875
"Isom",65.835099,-149.633125
"Isom",65.836261,-149.634115
"Isom",65.835371,-149.628609
"KilolitnaTal",65.912567,-151.637261
"KilolitnaTal",65.911182,-151.636244
"KilolitnaTal",65.910295,-151.635449
"KilolitnaTal",65.907296,-151.658296
"KilolitnaTal",65.908136,-151.66043
"KilolitnaTalHolanada",65.929828,-151.655024
"KilolitnaTalHolanada",65.929061,-151.649666
"KilolitnaTalHolanada",65.937863,-151.659663
"KilolitnaTalHolanada",65.937208,-151.659717
"KilolitnaTalHolanada",65.937141,-151.658569
"LittleYunBear",66.54966229,-143.4535446
"LittleYunBear",66.55069079,-143.4556596
"LittleYunBear",66.58267898,-143.5568665
"LittleYunBear",66.58390635,-143.5522999
"LittleYunBear",66.54855031,-143.4504557
"LittleYunBear",66.5839084,-143.5522668
"Livengood",65.48056,-148.35371
"Livengood",65.48152,-148.35167
"Livengood",65.48752,-148.3801
"Livengood",65.47838,-148.35025
"Livengood",65.47813,-148.36069
"Livengood",65.48506,-148.37856
"Livengood",65.48007,-148.3624
"Livengood",65.47969,-148.35371
"Livengood",65.48892,-148.38425
"Manley",65.09996,-150.27773
"Manley",65.14054,-150.23334
"Manley",65.14226,-150.23109
"Manley",65.10193,-150.27872
"Manley",65.14219,-150.22922
"Manley",65.13044,-150.23032
"Manley",65.13871,-150.23174
"Manley",65.1021,-150.27461
"Manley",65.12971,-150.22957
"Marr",65.81777609,-145.7763717
"Marr",65.79186323,-145.728196
"Marr",65.79206129,-145.7333039
"Marr",65.81642539,-145.7732822
"Marr",65.79327168,-145.7277244
"Marr",65.81586816,-145.7761284
"MarrRock",65.77958437,-145.652922
"MarrRock",65.78413582,-145.6560266
"MarrRock",65.78974286,-145.6059855
"MarrRock",65.79126685,-145.6017253
"MarrRock",65.78133878,-145.6528751
"MarrRock",65.79140821,-145.6054399
"MmBonanza",66.656117,-150.656184
"MmBonanza",66.658012,-150.654436
"MmBonanza",66.639817,-150.663442
"MmBonanza",66.639351,-150.662268
"MmBonanza",66.630344,-150.668702
"MtPrindle1",65.29786,-146.62308
"MtPrindle1",65.29789,-146.62794
"MtPrindle1",65.29753,-146.64056
"MtPrindle1",65.29811,-146.63409
"MtPrindle1",65.29825,-146.63603
"MtPrindle1",65.29662,-146.63892
"MtPrindle2",65.30515,-146.59331
"MtPrindle2",65.30201,-146.60059
"MtPrindle2",65.30354,-146.59595
"MtPrindle2",65.30348,-146.59381
"MtPrindle2",65.30271,-146.59625
"MtPrindle2",65.30458,-146.59543
"MudNowitnaDirt",64.714804,-153.748937
"MudNowitnaDirt",64.713647,-153.753518
"MudNowitnaDirt",64.712441,-153.756477
"MudNowitnaDirt",64.720611,-153.777512
"MudNowitnaDirt",64.718866,-153.785274
"PreachPreacher",65.94457446,-144.6798011
"PreachPreacher",65.96928092,-144.7205138
"PreachPreacher",65.94399699,-144.6845522
"PreachPreacher",65.94500927,-144.6863483
"PreachPreacher",65.96837425,-144.7244254
"PreachPreacher",65.96744717,-144.7241821
"Shovel",64.95412,-148.2617
"Shovel",64.95943689,-148.1654613
"Shovel",64.95248,-148.41943
"Shovel",64.9594,-148.16544
"Shovel",64.95606,-148.39127
"Shovel",64.9498674,-148.2947491
"Shovel",64.94795,-148.31549
"Shovel",64.9589,-148.24605
"SnohomishEagle",63.837145,-152.784231
"SnohomishEagle",63.838853,-152.783366
"SnohomishEagle",63.839691,-152.778787
"SnohomishEagle",63.832563,-152.757481
"SnohomishEagle",63.834225,-152.764137
"TananaRoad",65.119326,-151.213906
"TananaRoad",65.1217,-151.22812
"TananaRoad",65.12051,-151.21452
"TananaRoad",65.121398,-151.210403
"TananaRoad",65.12084,-151.23143
"TananaRoad",65.11636,-151.22972
"TananaRoad",65.11549,-151.23235
"TananaRoad",65.11942,-151.25096
"Tractor",66.41306426,-144.0122087
"Tractor",66.3696131,-143.7536396
"Tractor",66.41269382,-144.0056618
"Tractor",66.36790751,-143.7542317
"Tractor",66.37137544,-143.7528288
"Tractor",66.41456361,-144.0071624
"Isom",65.8351,-149.63313
"Isom",65.83537,-149.62861
"Isom",65.83626,-149.63412
"Isom",65.84867,-149.61818
"Isom",65.84935,-149.61353
"Isom",65.85003,-149.61187
"Chitanana",64.83088,-151.34234
"Chitanana",64.8309,-151.34872
"Chitanana",64.83162,-151.35129
"Chitanana",64.83423,-151.44215
"Chitanana",64.83542,-151.44577
"Chitanana",64.83618,-151.38772
"Chitanana",64.83757,-151.39225
"Aggie",65.24432,-148.14642
"Aggie",65.24142,-148.14252
"Aggie",65.23943,-148.13654
"Aggie",65.23635,-148.1286
"Aggie",65.23642,-148.1326
"Aggie",65.23398,-148.13544
"Aggie",65.23412,-148.13985
"Aggie",65.2315,-148.13765
"Isom",65.83746,-149.61447
"Isom",65.8395,-149.61378
"Slate",65.18204,-148.49489
"Slate",65.18306,-148.49866
"Slate",65.20104,-148.48616
"Slate",65.1998,-148.48158
"Slate",65.19993,-148.47722
"Globe",65.28362,-148.18996
"Globe",65.28218,-148.18823
"Globe",65.28139,-148.18616
"McDonald",64.31544,-147.00316
"McDonald",64.31506,-147.00833
"McDonald",64.31391,-147.0081
"Yukon Creek",64.64821,-145.92215
"Yukon Creek",64.65781,-145.94305
"Yukon Creek",64.66069,-145.9362
"Yukon Creek",64.65125,-145.93492
"Yukon Creek",64.64608,-145.9254
"Yukon Creek",64.64941,-145.93574
"Troublesome",65.48843,-149.76074
"Troublesome",65.49761,-149.73304
"Troublesome",65.48656,-149.75421
"Troublesome",65.48749,-149.74436
"Troublesome",65.49089,-149.7529
"Troublesome",65.49653,-149.73687
"McDonald",64.54817,-147.1137
"McDonald",64.55593,-147.11507
"McDonald",64.53954,-147.12197
"McDonald",64.32432,-147.05418
"Chitanana",64.8313,-151.36159
"Globe",65.27908,-148.18009
"Globe",65.27993,-148.16958
"Globe",65.28051,-148.15889
"Slate",65.19344,-148.49207
"Slate",65.18886,-148.48891
"McDonald",64.32067,-147.05299
"McDonald",64.53675,-147.10923
"McDonald",64.5425,-147.13719
"Haystack",65.17558,147.6353
"Haystack",65.17706,147.63258
"Haystack",65.17498,147.63118
"Lost Horse",65.16865,147.64185
"Lost Horse",65.16996,147.64754
"Lost Horse",65.16893,147.65102
"Shovel Creek",64.95871,148.16973
"Shovel Creek",64.95939,148.16544
"Shovel Creek",64.95885,148.24617
"Shovel Creek",64.95408,148.2621
"Shovel Creek",64.94984,148.29456
"Shovel Creek",64.94801,148.31558
"Lost Horse",65.16282,147.66177
"Lost Horse",65.16473,147.66335
"Lost Horse",65.16173,147.66177
"Hess Creek",65.48885,148.38408
"Hess Creek",65.48502,148.37849
"Hess Creek",65.47979,148.35455
"Hess Creek",65.48053,148.35361
"Hess Creek",65.4781,148.36072
"Hess Creek",65.47998,148.36237
"Haystack",65.17747,147.61681
"Haystack",65.1789,147.61932
"Haystack",65.17746,147.62292
"McCoy Creek",64.5078,146.42619
"McCoy Creek",64.48589,146.35037
"McCoy Creek",64.48677,146.35432
"McCoy Creek",64.48573,146.35854
"McCoy Creek",64.50567,146.45302
"McCoy Creek",64.50671,146.4529
"Nugget Creek",64.86044,146.45973
"Nugget Creek",64.85931,146.45433
"Nugget Creek",64.85865,146.45856
"Nugget Creek",64.88116,146.51077
"Nugget Creek",64.88296,146.51244
"Nugget Creek",64.88338,146.50885
"Munson Creek",64.98873,145.82089
"Munson Creek",64.98698,145.81917
"Munson Creek",64.98544,145.82373
"Teklanika",64.39559,149.40607
"Teklanika",64.39595,149.40958
"Teklanika",64.39443,149.41043
"Teklanika",64.41264,149.40686
"Teklanika",64.41036,149.40601
"Teklanika",64.4094,149.40317
"Munson Creek",65.04213,145.97568
"Munson Creek",65.04068,145.97893
"Dry Creek",64.9232,150.57332
"Dry Creek",64.92661,150.57555
"Dry Creek",64.92505,150.57394
"Dry Creek",64.88567,150.55754
"Dry Creek",64.88654,150.55486
"Dry Creek",64.88749,150.54665
