"Researcher","Latitude","Longitude","Location"
"Arseneault",52.207348,-77.106311,"Quebec"
"Arseneault",52.075299,-77.26118,"Quebec"
"Arseneault",52.072527,-77.266939,"Quebec"
"Arseneault",52.06983,-77.272698,"Quebec"
"Arseneault",52.067131,-77.278473,"Quebec"
"Arseneault",52.062622,-77.282013,"Quebec"
"Arseneault",52.152463,-77.155457,"Quebec"
"Arseneault",52.16678,-77.14965,"Quebec"
"Arseneault",52.162002,-77.15158,"Quebec"
"Arseneault",52.147702,-77.157385,"Quebec"
"Arseneault",52.140447,-77.187098,"Quebec"
"Baltzer",66.0445,-128.05318,"NWT"
"Baltzer",66.04443,-128.05539,"NWT"
"Baltzer",66.05543,-128.0226,"NWT"
"Baltzer",66.05424,-128.0234,"NWT"
"Baltzer",65.45551,-126.5732,"NWT"
"Baltzer",65.45557,-126.57484,"NWT"
"Bergeron",NA,NA,"Western Quebec"
"Bergeron",NA,NA,"Western Quebec"
"Bergeron",NA,NA,"Western Quebec"
"Bergeron",NA,NA,"Western Quebec"
"Bergeron",NA,NA,"Western Quebec"
"Brehaut",48.66828,-55.73553,"NL"
"Brehaut",48.66731,-55.73718,"NL"
"Brehaut",48.66489,-55.59241,"NL"
"Brehaut",48.66132,-55.70405,"NL"
"Brehaut",48.66895,-55.68267,"NL"
"Brehaut",48.66857,-55.68355,"NL"
"Brehaut",48.66782,-55.68337,"NL"
"Brehaut",48.64427,-55.67433,"NL"
"Brehaut",48.64898,-55.55752,"NL"
"Brehaut",48.65039,-55.66309,"NL"
"Brown",65.90826,-137.52124,"Yukon"
"Brown",65.88424,-137.54587,"Yukon"
"Brown",65.85664,-137.55214,"Yukon"
"Brown",65.84209,-137.6162,"Yukon"
"Brown",65.84166,-137.67924,"Yukon"
"Brown",65.85861,-137.71349,"Yukon"
"Brown",65.83369,-137.76961,"Yukon"
"Brown",65.83566,-137.7742,"Yukon"
"Brown",65.78394,-137.77986,"Yukon"
"Brown",65.7733,-137.84204,"Yukon"
"Diaz-Veraverbeke",62.30191331,-162.83415,"Alaska tundra"
"Diaz-Veraverbeke",62.31556198,-162.837568,"Alaska tundra"
"Diaz-Veraverbeke",62.48290013,-163.3422154,"Alaska tundra"
"Diaz-Veraverbeke",62.47728169,-163.380611,"Alaska tundra"
"Diaz-Veraverbeke",62.427706,-163.5255325,"Alaska tundra"
"Diaz-Veraverbeke",62.57693652,-163.2258468,"Alaska tundra"
"Diaz-Veraverbeke",62.58331323,-163.3250971,"Alaska tundra"
"Diaz-Veraverbeke",62.57092154,-163.3946116,"Alaska tundra"
"Diaz-Veraverbeke",62.54310196,-163.3769777,"Alaska tundra"
"Diaz-Veraverbeke",62.46967621,-163.4968725,"Alaska tundra"
"Gundale",62.740383,17.8657,"Sweden"
"Gundale",62.259867,13.615967,"Sweden"
"Gundale",62.221,15.648717,"Sweden"
"Gundale",61.763267,14.819833,"Sweden"
"Gundale",61.746317,14.602717,"Sweden"
"Gundale",61.6248,14.7018,"Sweden"
"Gundale",61.96387,15.49256,"Sweden"
"Gundale",61.93795,15.47513,"Sweden"
"Gundale",62.0138,15.2375,"Sweden"
"Gundale",61.8389,14.44312,"Sweden"
"Hayes",65.58768,-144.97264,"Alaska"
"Hayes",65.58279,-144.99422,"Alaska"
"Hayes",65.59224,-144.99461,"Alaska"
"Hayes",65.59358,-144.99825,"Alaska"
"Hayes",65.58874,-144.99597,"Alaska"
"Hayes",65.58894,-144.97484,"Alaska"
"Hayes",65.58785,-144.97032,"Alaska"
"Hayes",65.56454,-144.92126,"Alaska"
"Hayes",65.5648,-144.92697,"Alaska"
"Hung-Natali",61.264,-163.248,"Alaska tundra"
"Metcalfe",64.642267,17.955083,"Sweden"
"Metcalfe",64.0329,18.322767,"Sweden"
"Metcalfe",63.948733,19.73035,"Sweden"
"Metcalfe",63.91193333,18.03876667,"Sweden"
"Metcalfe",63.85656667,16.81923333,"Sweden"
"Metcalfe",63.792317,20.343317,"Sweden"
"Metcalfe",63.771533,19.394733,"Sweden"
"Metcalfe",63.599692,17.812786,"Sweden"
"Metcalfe",63.370126,18.753494,"Sweden"
"Metcalfe",63.34933333,17.4327,"Sweden"
"Pare",49.255442,-69.725733,"Eastern Quebec"
"Pare",49.253508,-69.741513,"Eastern Quebec"
"Pare",49.246435,-69.752091,"Eastern Quebec"
"Pare",49.237709,-69.760642,"Eastern Quebec"
"Pare",49.23096,-69.770148,"Eastern Quebec"
"Pare",49.585149,-71.585149,"Eastern Quebec"
"Pare",49.580709,-71.354037,"Eastern Quebec"
"Pare",49.614006,-71.369453,"Eastern Quebec"
"Pare",49.635943,-71.376001,"Eastern Quebec"
"Pare",49.632588,-71.366973,"Eastern Quebec"
"Parisien",62.010535,-127.387491,"NWT"
"Parisien",61.9072,-126.991922,"NWT"
"Parisien",62.010041,-127.391027,"NWT"
"Parisien",61.517782,-126.157327,"NWT"
"Parisien",61.51743,-123.58101,"NWT"
"Parisien",61.769414,-125.573503,"NWT"
"Parisien",63.093221,-123.233532,"NWT"
"Parisien",62.950268,-123.205125,"NWT"
"Parisien",62.744508,-123.117961,"NWT"
"Parisien",62.367847,-122.845319,"NWT"
"Saperstein",60.62551,-150.27888,"Kenai"
"Saperstein",60.62135,-150.28622,"Kenai"
"Saperstein",60.61276,-150.29356,"Kenai"
"Saperstein",60.62394,-150.28476,"Kenai"
"Saperstein",60.62933,-150.28194,"Kenai"
"Saperstein",60.58213,-150.31427,"Kenai"
"Saperstein",60.60438,-150.29974,"Kenai"
"Saperstein",60.60422,-150.30807,"Kenai"
"Walker",65.24142,-148.14252,"Alaska"
"Walker",65.24142,-148.14252,"Alaska"
"Walker",65.23943,-148.13654,"Alaska"
"Walker",65.2315,-148.13765,"Alaska"
"Walker",65.2315,-148.13765,"Alaska"
"Walker",65.2315,-148.13765,"Alaska"
"Walker",65.24142,-148.14252,"Alaska"
"Walker",65.23398,-148.13544,"Alaska"
"Walker",65.23398,-148.13544,"Alaska"
"Walker",65.23398,-148.13544,"Alaska"
"Walker",65.23412,-148.13985,"Alaska"
"Walker",65.23412,-148.13985,"Alaska"
"Walker",65.23412,-148.13985,"Alaska"
"Walker",65.23943,-148.13654,"Alaska"
"Walker",65.23943,-148.13654,"Alaska"
"Walker",65.23635,-148.1286,"Alaska"
"Walker",65.23635,-148.1286,"Alaska"
"Walker",65.23635,-148.1286,"Alaska"
"Walker",65.23642,-148.1326,"Alaska"
"Walker",65.23642,-148.1326,"Alaska"
"Walker",65.23642,-148.1326,"Alaska"
"Walker",65.24432,-148.14642,"Alaska"
"Walker",65.24432,-148.14642,"Alaska"
"Walker",65.24432,-148.14642,"Alaska"
"Walker",66.52227216,-143.8054394,"Alaska"
"Walker",66.52227216,-143.8054394,"Alaska"
"Walker",66.52526618,-143.8088417,"Alaska"
"Walker",66.52469084,-143.8005356,"Alaska"
"Walker",66.52227216,-143.8054394,"Alaska"
"Walker",66.52526618,-143.8088417,"Alaska"
"Walker",66.52510621,-143.7934236,"Alaska"
"Walker",66.52510621,-143.7934236,"Alaska"
"Walker",66.52526618,-143.8088417,"Alaska"
"Walker",66.52399791,-143.8054985,"Alaska"
"Walker",66.52399791,-143.8054985,"Alaska"
"Walker",66.52399791,-143.8054985,"Alaska"
"Walker",66.52510621,-143.7934236,"Alaska"
"Walker",66.52469084,-143.8005356,"Alaska"
"Walker",66.52469084,-143.8005356,"Alaska"
"Walker",66.36802578,-143.6217759,"Alaska"
"Walker",66.36802578,-143.6217759,"Alaska"
"Walker",66.36802578,-143.6217759,"Alaska"
"Walker",66.36760438,-143.613395,"Alaska"
"Walker",66.37230751,-143.6317154,"Alaska"
"Walker",66.37230751,-143.6317154,"Alaska"
"Walker",66.37230751,-143.6317154,"Alaska"
"Walker",66.37074257,-143.6351275,"Alaska"
"Walker",66.36867043,-143.6329581,"Alaska"
"Walker",66.36867043,-143.6329581,"Alaska"
"Walker",66.36867043,-143.6329581,"Alaska"
"Walker",66.36946939,-143.6194251,"Alaska"
"Walker",66.36946939,-143.6194251,"Alaska"
"Walker",66.36946939,-143.6194251,"Alaska"
"Walker",66.36760438,-143.613395,"Alaska"
"Walker",66.36760438,-143.613395,"Alaska"
"Walker",66.37074257,-143.6351275,"Alaska"
"Walker",66.37074257,-143.6351275,"Alaska"
"Walker",64.574387,-151.786093,"Alaska"
"Walker",64.578601,-151.760071,"Alaska"
"Walker",64.578601,-151.760071,"Alaska"
"Walker",64.574387,-151.786093,"Alaska"
"Walker",64.574387,-151.786093,"Alaska"
"Walker",64.574079,-151.778967,"Alaska"
"Walker",64.574079,-151.778967,"Alaska"
"Walker",64.574079,-151.778967,"Alaska"
"Walker",64.574818,-151.781771,"Alaska"
"Walker",64.574818,-151.781771,"Alaska"
"Walker",64.574818,-151.781771,"Alaska"
"Walker",64.578307,-151.7637,"Alaska"
"Walker",64.578601,-151.760071,"Alaska"
"Walker",64.578307,-151.7637,"Alaska"
"Walker",64.578307,-151.7637,"Alaska"
"Walker",64.579701,-151.767221,"Alaska"
"Walker",64.579701,-151.767221,"Alaska"
"Walker",64.579701,-151.767221,"Alaska"
"Walker",64.486401,-151.690085,"Alaska"
"Walker",64.476416,-151.712538,"Alaska"
"Walker",64.486401,-151.690085,"Alaska"
"Walker",64.486401,-151.690085,"Alaska"
"Walker",64.476416,-151.712538,"Alaska"
"Walker",64.485156,-151.690794,"Alaska"
"Walker",64.485156,-151.690794,"Alaska"
"Walker",64.485156,-151.690794,"Alaska"
"Walker",64.476416,-151.712538,"Alaska"
"Walker",64.474824,-151.713448,"Alaska"
"Walker",64.474824,-151.713448,"Alaska"
"Walker",64.474824,-151.713448,"Alaska"
"Walker",64.476278,-151.705187,"Alaska"
"Walker",64.476278,-151.705187,"Alaska"
"Walker",64.476278,-151.705187,"Alaska"
"Walker",64.831622,-151.351287,"Alaska"
"Walker",64.830883,-151.342338,"Alaska"
"Walker",64.831622,-151.351287,"Alaska"
"Walker",64.831622,-151.351287,"Alaska"
"Walker",64.830883,-151.342338,"Alaska"
"Walker",64.830883,-151.342338,"Alaska"
"Walker",64.830901,-151.348719,"Alaska"
"Walker",64.830901,-151.348719,"Alaska"
"Walker",64.830901,-151.348719,"Alaska"
"Walker",64.83542,-151.445774,"Alaska"
"Walker",64.83542,-151.445774,"Alaska"
"Walker",64.83542,-151.445774,"Alaska"
"Walker",64.834231,-151.442154,"Alaska"
"Walker",64.834231,-151.442154,"Alaska"
"Walker",64.834231,-151.442154,"Alaska"
"Walker",64.851141,-151.454633,"Alaska"
"Walker",64.851141,-151.454633,"Alaska"
"Walker",64.852442,-151.456139,"Alaska"
"Walker",64.811182,-151.44364,"Alaska"
"Walker",64.851141,-151.454633,"Alaska"
"Walker",64.852442,-151.456139,"Alaska"
"Walker",64.85146,-150.458963,"Alaska"
"Walker",64.85146,-150.458963,"Alaska"
"Walker",64.852442,-151.456139,"Alaska"
"Walker",64.808766,-151.447426,"Alaska"
"Walker",64.808766,-151.447426,"Alaska"
"Walker",64.808766,-151.447426,"Alaska"
"Walker",64.85146,-150.458963,"Alaska"
"Walker",64.811182,-151.44364,"Alaska"
"Walker",64.811182,-151.44364,"Alaska"
"Walker",66.917751,-150.435921,"Alaska"
"Walker",66.917751,-150.435921,"Alaska"
"Walker",66.917751,-150.435921,"Alaska"
"Walker",66.898437,-150.519309,"Alaska"
"Walker",66.898437,-150.519309,"Alaska"
"Walker",66.898437,-150.519309,"Alaska"
"Walker",66.893834,-150.515784,"Alaska"
"Walker",66.91704,-150.434094,"Alaska"
"Walker",66.91704,-150.434094,"Alaska"
"Walker",66.91704,-150.434094,"Alaska"
"Walker",66.83831,-150.519716,"Alaska"
"Walker",66.893834,-150.515784,"Alaska"
"Walker",66.893834,-150.515784,"Alaska"
"Walker",66.83831,-150.519716,"Alaska"
"Walker",66.83831,-150.519716,"Alaska"
"Walker",66.856464,-150.54414,"Alaska"
"Walker",66.85002079,-150.5668378,"Alaska"
"Walker",66.85002079,-150.5668378,"Alaska"
"Walker",66.856074,-150.547601,"Alaska"
"Walker",66.856074,-150.547601,"Alaska"
"Walker",66.856464,-150.54414,"Alaska"
"Walker",66.856464,-150.54414,"Alaska"
"Walker",66.85634886,-150.5438831,"Alaska"
"Walker",66.85634886,-150.5438831,"Alaska"
"Walker",66.85634886,-150.5438831,"Alaska"
"Walker",66.850796,-150.56532,"Alaska"
"Walker",66.850796,-150.56532,"Alaska"
"Walker",66.850796,-150.56532,"Alaska"
"Walker",66.85002079,-150.5668378,"Alaska"
"Walker",66.856074,-150.547601,"Alaska"
"Walker",64.828649,-151.181782,"Alaska"
"Walker",64.828649,-151.181782,"Alaska"
"Walker",64.82934,-151.179094,"Alaska"
"Walker",64.828649,-151.181782,"Alaska"
"Walker",64.822845,-151.158285,"Alaska"
"Walker",64.822845,-151.158285,"Alaska"
"Walker",64.822845,-151.158285,"Alaska"
"Walker",64.821359,-151.159987,"Alaska"
"Walker",64.821359,-151.159987,"Alaska"
"Walker",64.821359,-151.159987,"Alaska"
"Walker",64.82715,-151.18263,"Alaska"
"Walker",64.82715,-151.18263,"Alaska"
"Walker",64.82715,-151.18263,"Alaska"
"Walker",64.82934,-151.179094,"Alaska"
"Walker",64.82934,-151.179094,"Alaska"
"Walker",64.891201,-150.802512,"Alaska"
"Walker",64.892365,-150.833988,"Alaska"
"Walker",64.892365,-150.833988,"Alaska"
"Walker",64.891201,-150.802512,"Alaska"
"Walker",64.891201,-150.802512,"Alaska"
"Walker",64.892506,-150.798798,"Alaska"
"Walker",64.892506,-150.798798,"Alaska"
"Walker",64.892506,-150.798798,"Alaska"
"Walker",64.891863,-150.795388,"Alaska"
"Walker",64.891863,-150.795388,"Alaska"
"Walker",64.891863,-150.795388,"Alaska"
"Walker",64.893043,-150.832182,"Alaska"
"Walker",64.892365,-150.833988,"Alaska"
"Walker",64.893043,-150.832182,"Alaska"
"Walker",64.893043,-150.832182,"Alaska"
"Walker",66.71070409,-142.7713893,"Alaska"
"Walker",66.71070409,-142.7713893,"Alaska"
"Walker",66.71096619,-142.7759275,"Alaska"
"Walker",66.71096619,-142.7759275,"Alaska"
"Walker",66.71096619,-142.7759275,"Alaska"
"Walker",66.71679916,-142.7803668,"Alaska"
"Walker",66.71679916,-142.7803668,"Alaska"
"Walker",66.71679916,-142.7803668,"Alaska"
"Walker",66.71070409,-142.7713893,"Alaska"
"Walker",66.71621259,-142.7752526,"Alaska"
"Walker",66.712644,-142.7730993,"Alaska"
"Walker",66.712644,-142.7730993,"Alaska"
"Walker",66.712644,-142.7730993,"Alaska"
"Walker",66.71539703,-142.7741611,"Alaska"
"Walker",66.71539703,-142.7741611,"Alaska"
"Walker",66.71539703,-142.7741611,"Alaska"
"Walker",66.71621259,-142.7752526,"Alaska"
"Walker",66.71621259,-142.7752526,"Alaska"
"Walker",66.73341662,-142.768624,"Alaska"
"Walker",66.73518759,-142.7701453,"Alaska"
"Walker",66.73518759,-142.7701453,"Alaska"
"Walker",66.73518759,-142.7701453,"Alaska"
"Walker",66.73341662,-142.768624,"Alaska"
"Walker",66.73341662,-142.768624,"Alaska"
"Walker",66.80668304,-143.0156957,"Alaska"
"Walker",66.80668304,-143.0156957,"Alaska"
"Walker",66.80668304,-143.0156957,"Alaska"
"Walker",66.80569201,-143.015411,"Alaska"
"Walker",66.80594694,-143.0198768,"Alaska"
"Walker",66.80594694,-143.0198768,"Alaska"
"Walker",66.80594694,-143.0198768,"Alaska"
"Walker",66.73445912,-142.7728812,"Alaska"
"Walker",66.80569201,-143.015411,"Alaska"
"Walker",66.80569201,-143.015411,"Alaska"
"Walker",66.73445912,-142.7728812,"Alaska"
"Walker",66.73445912,-142.7728812,"Alaska"
"Walker",66.87654964,-143.2214955,"Alaska"
"Walker",66.87581958,-143.2246886,"Alaska"
"Walker",66.87581958,-143.2246886,"Alaska"
"Walker",66.82230033,-143.2420002,"Alaska"
"Walker",66.82230033,-143.2420002,"Alaska"
"Walker",66.87654964,-143.2214955,"Alaska"
"Walker",66.87654964,-143.2214955,"Alaska"
"Walker",66.82298543,-143.2449445,"Alaska"
"Walker",66.82298543,-143.2449445,"Alaska"
"Walker",66.82298543,-143.2449445,"Alaska"
"Walker",66.82369864,-143.2413749,"Alaska"
"Walker",66.82369864,-143.2413749,"Alaska"
"Walker",66.82369864,-143.2413749,"Alaska"
"Walker",66.87581958,-143.2246886,"Alaska"
"Walker",66.82230033,-143.2420002,"Alaska"
"Walker",66.87765878,-143.2235566,"Alaska"
"Walker",66.87765878,-143.2235566,"Alaska"
"Walker",66.87765878,-143.2235566,"Alaska"
"Walker",65.850034,-149.611875,"Alaska"
"Walker",65.850034,-149.611875,"Alaska"
"Walker",65.850034,-149.611875,"Alaska"
"Walker",65.835099,-149.633125,"Alaska"
"Walker",65.84867,-149.618177,"Alaska"
"Walker",65.84867,-149.618177,"Alaska"
"Walker",65.84867,-149.618177,"Alaska"
"Walker",65.849355,-149.61353,"Alaska"
"Walker",65.849355,-149.61353,"Alaska"
"Walker",65.849355,-149.61353,"Alaska"
"Walker",65.835099,-149.633125,"Alaska"
"Walker",65.835099,-149.633125,"Alaska"
"Walker",65.836261,-149.634115,"Alaska"
"Walker",65.836261,-149.634115,"Alaska"
"Walker",65.836261,-149.634115,"Alaska"
"Walker",65.835371,-149.628609,"Alaska"
"Walker",65.835371,-149.628609,"Alaska"
"Walker",65.835371,-149.628609,"Alaska"
"Walker",65.912567,-151.637261,"Alaska"
"Walker",65.912567,-151.637261,"Alaska"
"Walker",65.911182,-151.636244,"Alaska"
"Walker",65.911182,-151.636244,"Alaska"
"Walker",65.912567,-151.637261,"Alaska"
"Walker",65.908136,-151.66043,"Alaska"
"Walker",65.910295,-151.635449,"Alaska"
"Walker",65.910295,-151.635449,"Alaska"
"Walker",65.910295,-151.635449,"Alaska"
"Walker",65.911182,-151.636244,"Alaska"
"Walker",65.907296,-151.658296,"Alaska"
"Walker",65.907296,-151.658296,"Alaska"
"Walker",65.908136,-151.66043,"Alaska"
"Walker",65.907296,-151.658296,"Alaska"
"Walker",65.908136,-151.66043,"Alaska"
"Walker",65.937141,-151.658569,"Alaska"
"Walker",65.929828,-151.655024,"Alaska"
"Walker",65.929828,-151.655024,"Alaska"
"Walker",65.937141,-151.658569,"Alaska"
"Walker",65.929828,-151.655024,"Alaska"
"Walker",65.929061,-151.649666,"Alaska"
"Walker",65.937863,-151.659663,"Alaska"
"Walker",65.929061,-151.649666,"Alaska"
"Walker",65.929061,-151.649666,"Alaska"
"Walker",65.937208,-151.659717,"Alaska"
"Walker",65.937208,-151.659717,"Alaska"
"Walker",65.937863,-151.659663,"Alaska"
"Walker",65.937863,-151.659663,"Alaska"
"Walker",65.937208,-151.659717,"Alaska"
"Walker",65.937141,-151.658569,"Alaska"
"Walker",66.54855031,-143.4504557,"Alaska"
"Walker",66.54855031,-143.4504557,"Alaska"
"Walker",66.55069079,-143.4556596,"Alaska"
"Walker",66.55069079,-143.4556596,"Alaska"
"Walker",66.58267898,-143.5568665,"Alaska"
"Walker",66.58267898,-143.5568665,"Alaska"
"Walker",66.58267898,-143.5568665,"Alaska"
"Walker",66.54855031,-143.4504557,"Alaska"
"Walker",66.5839084,-143.5522668,"Alaska"
"Walker",66.5839084,-143.5522668,"Alaska"
"Walker",66.5839084,-143.5522668,"Alaska"
"Walker",66.54966229,-143.4535446,"Alaska"
"Walker",66.54966229,-143.4535446,"Alaska"
"Walker",66.54966229,-143.4535446,"Alaska"
"Walker",66.55069079,-143.4556596,"Alaska"
"Walker",66.58390635,-143.5522999,"Alaska"
"Walker",66.58390635,-143.5522999,"Alaska"
"Walker",66.58390635,-143.5522999,"Alaska"
"Walker",65.48007,-148.3624,"Alaska"
"Walker",65.48892,-148.38425,"Alaska"
"Walker",65.47969,-148.35371,"Alaska"
"Walker",65.47969,-148.35371,"Alaska"
"Walker",65.47969,-148.35371,"Alaska"
"Walker",65.48056,-148.35371,"Alaska"
"Walker",65.48056,-148.35371,"Alaska"
"Walker",65.48056,-148.35371,"Alaska"
"Walker",65.48152,-148.35167,"Alaska"
"Walker",65.48152,-148.35167,"Alaska"
"Walker",65.48152,-148.35167,"Alaska"
"Walker",65.48752,-148.3801,"Alaska"
"Walker",65.48752,-148.3801,"Alaska"
"Walker",65.48752,-148.3801,"Alaska"
"Walker",65.47838,-148.35025,"Alaska"
"Walker",65.47838,-148.35025,"Alaska"
"Walker",65.47838,-148.35025,"Alaska"
"Walker",65.47813,-148.36069,"Alaska"
"Walker",65.47813,-148.36069,"Alaska"
"Walker",65.47813,-148.36069,"Alaska"
"Walker",65.48506,-148.37856,"Alaska"
"Walker",65.48506,-148.37856,"Alaska"
"Walker",65.48506,-148.37856,"Alaska"
"Walker",65.48007,-148.3624,"Alaska"
"Walker",65.48007,-148.3624,"Alaska"
"Walker",65.48892,-148.38425,"Alaska"
"Walker",65.48892,-148.38425,"Alaska"
"Walker",65.10193,-150.27872,"Alaska"
"Walker",65.10193,-150.27872,"Alaska"
"Walker",65.14226,-150.23109,"Alaska"
"Walker",65.14226,-150.23109,"Alaska"
"Walker",65.09996,-150.27773,"Alaska"
"Walker",65.09996,-150.27773,"Alaska"
"Walker",65.09996,-150.27773,"Alaska"
"Walker",65.14054,-150.23334,"Alaska"
"Walker",65.14054,-150.23334,"Alaska"
"Walker",65.14054,-150.23334,"Alaska"
"Walker",65.14226,-150.23109,"Alaska"
"Walker",65.13871,-150.23174,"Alaska"
"Walker",65.1021,-150.27461,"Alaska"
"Walker",65.1021,-150.27461,"Alaska"
"Walker",65.1021,-150.27461,"Alaska"
"Walker",65.10193,-150.27872,"Alaska"
"Walker",65.14219,-150.22922,"Alaska"
"Walker",65.14219,-150.22922,"Alaska"
"Walker",65.14219,-150.22922,"Alaska"
"Walker",65.13044,-150.23032,"Alaska"
"Walker",65.13044,-150.23032,"Alaska"
"Walker",65.13044,-150.23032,"Alaska"
"Walker",65.13871,-150.23174,"Alaska"
"Walker",65.13871,-150.23174,"Alaska"
"Walker",65.12971,-150.22957,"Alaska"
"Walker",65.12971,-150.22957,"Alaska"
"Walker",65.12971,-150.22957,"Alaska"
"Walker",65.81586816,-145.7761284,"Alaska"
"Walker",65.79327168,-145.7277244,"Alaska"
"Walker",65.79327168,-145.7277244,"Alaska"
"Walker",65.81586816,-145.7761284,"Alaska"
"Walker",65.79206129,-145.7333039,"Alaska"
"Walker",65.79206129,-145.7333039,"Alaska"
"Walker",65.79206129,-145.7333039,"Alaska"
"Walker",65.81642539,-145.7732822,"Alaska"
"Walker",65.81642539,-145.7732822,"Alaska"
"Walker",65.81642539,-145.7732822,"Alaska"
"Walker",65.79327168,-145.7277244,"Alaska"
"Walker",65.81586816,-145.7761284,"Alaska"
"Walker",65.81777609,-145.7763717,"Alaska"
"Walker",65.81777609,-145.7763717,"Alaska"
"Walker",65.81777609,-145.7763717,"Alaska"
"Walker",65.79186323,-145.728196,"Alaska"
"Walker",65.79186323,-145.728196,"Alaska"
"Walker",65.79186323,-145.728196,"Alaska"
"Walker",65.79140821,-145.6054399,"Alaska"
"Walker",65.78133878,-145.6528751,"Alaska"
"Walker",65.79140821,-145.6054399,"Alaska"
"Walker",65.79140821,-145.6054399,"Alaska"
"Walker",65.78133878,-145.6528751,"Alaska"
"Walker",65.78133878,-145.6528751,"Alaska"
"Walker",65.79126685,-145.6017253,"Alaska"
"Walker",65.79126685,-145.6017253,"Alaska"
"Walker",65.79126685,-145.6017253,"Alaska"
"Walker",65.78413582,-145.6560266,"Alaska"
"Walker",65.77958437,-145.652922,"Alaska"
"Walker",65.77958437,-145.652922,"Alaska"
"Walker",65.77958437,-145.652922,"Alaska"
"Walker",65.78974286,-145.6059855,"Alaska"
"Walker",65.78413582,-145.6560266,"Alaska"
"Walker",65.78413582,-145.6560266,"Alaska"
"Walker",65.78974286,-145.6059855,"Alaska"
"Walker",65.78974286,-145.6059855,"Alaska"
"Walker",66.630344,-150.668702,"Alaska"
"Walker",66.639351,-150.662268,"Alaska"
"Walker",66.630344,-150.668702,"Alaska"
"Walker",66.630344,-150.668702,"Alaska"
"Walker",66.656117,-150.656184,"Alaska"
"Walker",66.656117,-150.656184,"Alaska"
"Walker",66.656117,-150.656184,"Alaska"
"Walker",66.658012,-150.654436,"Alaska"
"Walker",66.658012,-150.654436,"Alaska"
"Walker",66.658012,-150.654436,"Alaska"
"Walker",66.639817,-150.663442,"Alaska"
"Walker",66.639817,-150.663442,"Alaska"
"Walker",66.639817,-150.663442,"Alaska"
"Walker",66.639351,-150.662268,"Alaska"
"Walker",66.639351,-150.662268,"Alaska"
"Walker",64.714804,-153.748937,"Alaska"
"Walker",64.714804,-153.748937,"Alaska"
"Walker",64.714804,-153.748937,"Alaska"
"Walker",64.713647,-153.753518,"Alaska"
"Walker",64.713647,-153.753518,"Alaska"
"Walker",64.713647,-153.753518,"Alaska"
"Walker",64.712441,-153.756477,"Alaska"
"Walker",64.712441,-153.756477,"Alaska"
"Walker",64.712441,-153.756477,"Alaska"
"Walker",64.720611,-153.777512,"Alaska"
"Walker",64.720611,-153.777512,"Alaska"
"Walker",64.720611,-153.777512,"Alaska"
"Walker",64.718866,-153.785274,"Alaska"
"Walker",64.718866,-153.785274,"Alaska"
"Walker",64.718866,-153.785274,"Alaska"
"Walker",65.96928092,-144.7205138,"Alaska"
"Walker",65.96928092,-144.7205138,"Alaska"
"Walker",65.96928092,-144.7205138,"Alaska"
"Walker",65.94457446,-144.6798011,"Alaska"
"Walker",65.94457446,-144.6798011,"Alaska"
"Walker",65.94457446,-144.6798011,"Alaska"
"Walker",65.94399699,-144.6845522,"Alaska"
"Walker",65.94399699,-144.6845522,"Alaska"
"Walker",65.94399699,-144.6845522,"Alaska"
"Walker",65.94500927,-144.6863483,"Alaska"
"Walker",65.94500927,-144.6863483,"Alaska"
"Walker",65.94500927,-144.6863483,"Alaska"
"Walker",65.96744717,-144.7241821,"Alaska"
"Walker",65.96744717,-144.7241821,"Alaska"
"Walker",65.96744717,-144.7241821,"Alaska"
"Walker",65.96837425,-144.7244254,"Alaska"
"Walker",65.96837425,-144.7244254,"Alaska"
"Walker",65.96837425,-144.7244254,"Alaska"
"Walker",64.95943689,-148.1654613,"Alaska"
"Walker",64.95943689,-148.1654613,"Alaska"
"Walker",64.95943689,-148.1654613,"Alaska"
"Walker",64.95248,-148.41943,"Alaska"
"Walker",64.95248,-148.41943,"Alaska"
"Walker",64.95248,-148.41943,"Alaska"
"Walker",64.9594,-148.16544,"Alaska"
"Walker",64.9594,-148.16544,"Alaska"
"Walker",64.9594,-148.16544,"Alaska"
"Walker",64.95606,-148.39127,"Alaska"
"Walker",64.95606,-148.39127,"Alaska"
"Walker",64.95606,-148.39127,"Alaska"
"Walker",64.9498674,-148.2947491,"Alaska"
"Walker",64.9498674,-148.2947491,"Alaska"
"Walker",64.9498674,-148.2947491,"Alaska"
"Walker",64.94795,-148.31549,"Alaska"
"Walker",64.94795,-148.31549,"Alaska"
"Walker",64.94795,-148.31549,"Alaska"
"Walker",64.9589,-148.24605,"Alaska"
"Walker",64.9589,-148.24605,"Alaska"
"Walker",64.9589,-148.24605,"Alaska"
"Walker",64.95412,-148.2617,"Alaska"
"Walker",64.95412,-148.2617,"Alaska"
"Walker",64.95412,-148.2617,"Alaska"
"Walker",63.837145,-152.784231,"Alaska"
"Walker",63.837145,-152.784231,"Alaska"
"Walker",63.837145,-152.784231,"Alaska"
"Walker",63.838853,-152.783366,"Alaska"
"Walker",63.838853,-152.783366,"Alaska"
"Walker",63.838853,-152.783366,"Alaska"
"Walker",63.839691,-152.778787,"Alaska"
"Walker",63.839691,-152.778787,"Alaska"
"Walker",63.839691,-152.778787,"Alaska"
"Walker",63.832563,-152.757481,"Alaska"
"Walker",63.832563,-152.757481,"Alaska"
"Walker",63.832563,-152.757481,"Alaska"
"Walker",63.834225,-152.764137,"Alaska"
"Walker",63.834225,-152.764137,"Alaska"
"Walker",63.834225,-152.764137,"Alaska"
"Walker",65.119326,-151.213906,"Alaska"
"Walker",65.119326,-151.213906,"Alaska"
"Walker",65.119326,-151.213906,"Alaska"
"Walker",65.1217,-151.22812,"Alaska"
"Walker",65.1217,-151.22812,"Alaska"
"Walker",65.1217,-151.22812,"Alaska"
"Walker",65.12051,-151.21452,"Alaska"
"Walker",65.12051,-151.21452,"Alaska"
"Walker",65.12051,-151.21452,"Alaska"
"Walker",65.121398,-151.210403,"Alaska"
"Walker",65.121398,-151.210403,"Alaska"
"Walker",65.121398,-151.210403,"Alaska"
"Walker",65.12084,-151.23143,"Alaska"
"Walker",65.12084,-151.23143,"Alaska"
"Walker",65.12084,-151.23143,"Alaska"
"Walker",65.11636,-151.22972,"Alaska"
"Walker",65.11636,-151.22972,"Alaska"
"Walker",65.11636,-151.22972,"Alaska"
"Walker",65.11549,-151.23235,"Alaska"
"Walker",65.11549,-151.23235,"Alaska"
"Walker",65.11549,-151.23235,"Alaska"
"Walker",65.11942,-151.25096,"Alaska"
"Walker",65.11942,-151.25096,"Alaska"
"Walker",65.11942,-151.25096,"Alaska"
"Walker",66.41306426,-144.0122087,"Alaska"
"Walker",66.41306426,-144.0122087,"Alaska"
"Walker",66.41306426,-144.0122087,"Alaska"
"Walker",66.3696131,-143.7536396,"Alaska"
"Walker",66.3696131,-143.7536396,"Alaska"
"Walker",66.3696131,-143.7536396,"Alaska"
"Walker",66.41269382,-144.0056618,"Alaska"
"Walker",66.41269382,-144.0056618,"Alaska"
"Walker",66.41269382,-144.0056618,"Alaska"
"Walker",66.36790751,-143.7542317,"Alaska"
"Walker",66.36790751,-143.7542317,"Alaska"
"Walker",66.36790751,-143.7542317,"Alaska"
"Walker",66.37137544,-143.7528288,"Alaska"
"Walker",66.37137544,-143.7528288,"Alaska"
"Walker",66.37137544,-143.7528288,"Alaska"
"Walker",66.41456361,-144.0071624,"Alaska"
"Walker",66.41456361,-144.0071624,"Alaska"
"Walker",66.41456361,-144.0071624,"Alaska"
"Walker",65.29811,-146.63409,"Alaska"
"Walker",65.29825,-146.63603,"Alaska"
"Walker",65.29786,-146.62308,"Alaska"
"Walker",65.29786,-146.62308,"Alaska"
"Walker",65.29786,-146.62308,"Alaska"
"Walker",65.29789,-146.62794,"Alaska"
"Walker",65.29789,-146.62794,"Alaska"
"Walker",65.29789,-146.62794,"Alaska"
"Walker",65.29753,-146.64056,"Alaska"
"Walker",65.29753,-146.64056,"Alaska"
"Walker",65.29753,-146.64056,"Alaska"
"Walker",65.29811,-146.63409,"Alaska"
"Walker",65.29811,-146.63409,"Alaska"
"Walker",65.29825,-146.63603,"Alaska"
"Walker",65.29825,-146.63603,"Alaska"
"Walker",65.29662,-146.63892,"Alaska"
"Walker",65.29662,-146.63892,"Alaska"
"Walker",65.29662,-146.63892,"Alaska"
"Walker",65.30354,-146.59595,"Alaska"
"Walker",65.30354,-146.59595,"Alaska"
"Walker",65.30515,-146.59331,"Alaska"
"Walker",65.30515,-146.59331,"Alaska"
"Walker",65.30515,-146.59331,"Alaska"
"Walker",65.30201,-146.60059,"Alaska"
"Walker",65.30201,-146.60059,"Alaska"
"Walker",65.30201,-146.60059,"Alaska"
"Walker",65.30348,-146.59381,"Alaska"
"Walker",65.30348,-146.59381,"Alaska"
"Walker",65.30354,-146.59595,"Alaska"
"Walker",65.30348,-146.59381,"Alaska"
"Walker",65.30271,-146.59625,"Alaska"
"Walker",65.30458,-146.59543,"Alaska"
"Walker",65.30271,-146.59625,"Alaska"
"Walker",65.30271,-146.59625,"Alaska"
"Walker",65.30458,-146.59543,"Alaska"
"Walker",65.30458,-146.59543,"Alaska"
"Walker-Mack",60.9377645,-117.3726535,"NWT"
"Walker-Mack",60.942481,-117.3787555,"NWT"
"Walker-Mack",63.1091395,-113.9700465,"NWT"
"Walker-Mack",63.0674515,-113.7326705,"NWT"
"Walker-Mack",63.0457815,-114.0243315,"NWT"
"Walker-Mack",61.804575,-116.7246355,"NWT"
"Walker-Mack",61.632408,-117.1014555,"NWT"
"Walker-Mack",61.862713,-116.597281,"NWT"
"Walker-Mack",61.619818,-117.11774,"NWT"
"Walker-Mack",61.83902,-116.636117,"NWT"
"Walker-Mack",61.7935855,-116.7318445,"NWT"
"Walker-Mack",64.136594,-114.210953,"NWT"
"Walker-Mack",64.1329435,-114.291245,"NWT"
"Walker-Mack",64.133308,-114.2952495,"NWT"
"Walker-Mack",64.1244705,-114.2929825,"NWT"
"Walker-Mack",64.161929,-114.2563755,"NWT"
"Walker-Mack",64.142611,-114.2040955,"NWT"
"Walker-Mack",64.1534345,-114.266946,"NWT"
"Walker-Mack",64.0423425,-117.505186,"NWT"
"Walker-Mack",64.093375,-117.463737,"NWT"
"Walker-Mack",64.0573895,-117.472852,"NWT"
"Walker-Mack",64.0439465,-117.4953895,"NWT"
"Walker-Mack",64.0963715,-117.4606705,"NWT"
"Walker-Mack",64.1092635,-117.471687,"NWT"
"Walker-Mack",64.0982325,-117.2649265,"NWT"
"Walker-Mack",64.106324,-117.260634,"NWT"
"Walker-Mack",64.140861,-117.198914,"NWT"
"Walker-Mack",64.1433335,-117.1995745,"NWT"
"Walker-Mack",64.102634,-117.251944,"NWT"
"Walker-Mack",64.117952,-117.2001645,"NWT"
"Walker-Mack",64.1056975,-117.248699,"NWT"
"Walker-Mack",62.482125,-116.6034215,"NWT"
