Researcher,Latitude,Longitude
Saperstein,60.62551,-150.27888
Saperstein,60.62135,-150.28622
Saperstein,60.61276,-150.29356
Saperstein,60.62394,-150.28476
Saperstein,60.62933,-150.28194
Saperstein,60.58213,-150.31427
Saperstein,60.60438,-150.29974
Saperstein,60.60422,-150.30807
Dominique Arseneault,52.207348,-77.106311
Dominique Arseneault,52.075299,-77.26118
Dominique Arseneault,52.072527,-77.266939
Dominique Arseneault,52.06983,-77.272698
Dominique Arseneault,52.067131,-77.278473
Dominique Arseneault,52.062622,-77.282013
Dominique Arseneault,52.152463,-77.155457
Dominique Arseneault,52.16678,-77.14965
Dominique Arseneault,52.162002,-77.15158
Dominique Arseneault,52.147702,-77.157385
Dominique Arseneault,52.140447,-77.187098
Gundale/Nilsson,62.740383,17.8657
Gundale/Nilsson,62.259867,13.615967
Gundale/Nilsson,62.221,15.648717
Gundale/Nilsson,61.763267,14.819833
Gundale/Nilsson,61.746317,14.602717
Gundale/Nilsson,61.6248,14.7018
Gundale/Nilsson,61.96387,15.49256
Gundale/Nilsson,61.93795,15.47513
Gundale/Nilsson,62.0138,15.2375
Gundale/Nilsson,61.8389,14.44312
Kirsten Reid,65.90826,-137.52124
Kirsten Reid,65.88424,-137.54587
Kirsten Reid,65.85664,-137.55214
Kirsten Reid,65.84209,-137.6162
Kirsten Reid,65.84166,-137.67924
Kirsten Reid,65.85861,-137.71349
Kirsten Reid,65.83369,-137.76961
Kirsten Reid,65.83566,-137.7742
Kirsten Reid,65.78394,-137.77986
Kirsten Reid,65.7733,-137.84204
Hayes,65.58768,-144.97264
Hayes,65.58279,-144.99422
Hayes,65.59224,-144.99461
Hayes,65.59358,-144.99825
Hayes,65.58874,-144.99597
Hayes,65.58894,-144.97484
Hayes,65.58785,-144.97032
Hayes,65.56454,-144.92126
Hayes,65.5648,-144.92697
Baltzer,66.0445,-128.05318
Baltzer,66.04443,-128.05539
Baltzer,66.05543,-128.0226
Baltzer,66.05424,-128.0234
Baltzer,65.45551,-126.5732
Baltzer,65.45557,-126.57484
Metcalfe,64.642267,17.955083
Metcalfe,64.0329,18.322767
Metcalfe,63.948733,19.73035
Metcalfe,63.91193333,18.03876667
Metcalfe,63.85656667,16.81923333
Metcalfe,63.792317,20.343317
Metcalfe,63.771533,19.394733
Metcalfe,63.599692,17.812786
Metcalfe,63.370126,18.753494
Metcalfe,63.34933333,17.4327
Pare,49.255442,-69.725733
Pare,49.253508,-69.741513
Pare,49.246435,-69.752091
Pare,49.237709,-69.760642
Pare,49.23096,-69.770148
Pare,49.585149,-71.585149
Pare,49.580709,-71.354037
Pare,49.614006,-71.369453
Pare,49.635943,-71.376001
Pare,49.632588,-71.366973
Bergeron,NA,NA
Bergeron,NA,NA
Bergeron,NA,NA
Bergeron,NA,NA
Bergeron,NA,NA
Lucas Brehaut,48.66828,-55.73553
Lucas Brehaut,48.66731,-55.73718
Lucas Brehaut,48.66489,-55.59241
Lucas Brehaut,48.66132,-55.70405
Lucas Brehaut,48.66895,-55.68267
Lucas Brehaut,48.66857,-55.68355
Lucas Brehaut,48.66782,-55.68337
Lucas Brehaut,48.64427,-55.67433
Lucas Brehaut,48.64898,-55.55752
Lucas Brehaut,48.65039,-55.66309
Diaz-Veraverbeke,62.30191331,-162.83415
Diaz-Veraverbeke,62.31556198,-162.837568
Diaz-Veraverbeke,62.48290013,-163.3422154
Diaz-Veraverbeke,62.47728169,-163.380611
Diaz-Veraverbeke,62.427706,-163.5255325
Diaz-Veraverbeke,62.57693652,-163.2258468
Diaz-Veraverbeke,62.58331323,-163.3250971
Diaz-Veraverbeke,62.57092154,-163.3946116
Diaz-Veraverbeke,62.54310196,-163.3769777
Diaz-Veraverbeke,62.46967621,-163.4968725
Hung and Natali,61.264,-163.248
Parisien,62.010535,-127.387491
Parisien,61.9072,-126.991922
Parisien,62.010041,-127.391027
Parisien,61.517782,-126.157327
Parisien,61.51743,-123.58101
Parisien,61.769414,-125.573503
Parisien,63.093221,-123.233532
Parisien,62.950268,-123.205125
Parisien,62.744508,-123.117961
Parisien,62.367847,-122.845319
Walker,65.24142,-148.14252
Walker,65.24142,-148.14252
Walker,65.23943,-148.13654
Walker,65.2315,-148.13765
Walker,65.2315,-148.13765
Walker,65.2315,-148.13765
Walker,65.24142,-148.14252
Walker,65.23398,-148.13544
Walker,65.23398,-148.13544
Walker,65.23398,-148.13544
Walker,65.23412,-148.13985
Walker,65.23412,-148.13985
Walker,65.23412,-148.13985
Walker,65.23943,-148.13654
Walker,65.23943,-148.13654
Walker,65.23635,-148.1286
Walker,65.23635,-148.1286
Walker,65.23635,-148.1286
Walker,65.23642,-148.1326
Walker,65.23642,-148.1326
Walker,65.23642,-148.1326
Walker,65.24432,-148.14642
Walker,65.24432,-148.14642
Walker,65.24432,-148.14642
Walker,66.52227216,-143.8054394
Walker,66.52227216,-143.8054394
Walker,66.52526618,-143.8088417
Walker,66.52469084,-143.8005356
Walker,66.52227216,-143.8054394
Walker,66.52526618,-143.8088417
Walker,66.52510621,-143.7934236
Walker,66.52510621,-143.7934236
Walker,66.52526618,-143.8088417
Walker,66.52399791,-143.8054985
Walker,66.52399791,-143.8054985
Walker,66.52399791,-143.8054985
Walker,66.52510621,-143.7934236
Walker,66.52469084,-143.8005356
Walker,66.52469084,-143.8005356
Walker,66.36802578,-143.6217759
Walker,66.36802578,-143.6217759
Walker,66.36802578,-143.6217759
Walker,66.36760438,-143.613395
Walker,66.37230751,-143.6317154
Walker,66.37230751,-143.6317154
Walker,66.37230751,-143.6317154
Walker,66.37074257,-143.6351275
Walker,66.36867043,-143.6329581
Walker,66.36867043,-143.6329581
Walker,66.36867043,-143.6329581
Walker,66.36946939,-143.6194251
Walker,66.36946939,-143.6194251
Walker,66.36946939,-143.6194251
Walker,66.36760438,-143.613395
Walker,66.36760438,-143.613395
Walker,66.37074257,-143.6351275
Walker,66.37074257,-143.6351275
Walker,64.574387,-151.786093
Walker,64.578601,-151.760071
Walker,64.578601,-151.760071
Walker,64.574387,-151.786093
Walker,64.574387,-151.786093
Walker,64.574079,-151.778967
Walker,64.574079,-151.778967
Walker,64.574079,-151.778967
Walker,64.574818,-151.781771
Walker,64.574818,-151.781771
Walker,64.574818,-151.781771
Walker,64.578307,-151.7637
Walker,64.578601,-151.760071
Walker,64.578307,-151.7637
Walker,64.578307,-151.7637
Walker,64.579701,-151.767221
Walker,64.579701,-151.767221
Walker,64.579701,-151.767221
Walker,64.486401,-151.690085
Walker,64.476416,-151.712538
Walker,64.486401,-151.690085
Walker,64.486401,-151.690085
Walker,64.476416,-151.712538
Walker,64.485156,-151.690794
Walker,64.485156,-151.690794
Walker,64.485156,-151.690794
Walker,64.476416,-151.712538
Walker,64.474824,-151.713448
Walker,64.474824,-151.713448
Walker,64.474824,-151.713448
Walker,64.476278,-151.705187
Walker,64.476278,-151.705187
Walker,64.476278,-151.705187
Walker,64.831622,-151.351287
Walker,64.830883,-151.342338
Walker,64.831622,-151.351287
Walker,64.831622,-151.351287
Walker,64.830883,-151.342338
Walker,64.830883,-151.342338
Walker,64.830901,-151.348719
Walker,64.830901,-151.348719
Walker,64.830901,-151.348719
Walker,64.83542,-151.445774
Walker,64.83542,-151.445774
Walker,64.83542,-151.445774
Walker,64.834231,-151.442154
Walker,64.834231,-151.442154
Walker,64.834231,-151.442154
Walker,64.851141,-151.454633
Walker,64.851141,-151.454633
Walker,64.852442,-151.456139
Walker,64.811182,-151.44364
Walker,64.851141,-151.454633
Walker,64.852442,-151.456139
Walker,64.85146,-150.458963
Walker,64.85146,-150.458963
Walker,64.852442,-151.456139
Walker,64.808766,-151.447426
Walker,64.808766,-151.447426
Walker,64.808766,-151.447426
Walker,64.85146,-150.458963
Walker,64.811182,-151.44364
Walker,64.811182,-151.44364
Walker,66.917751,-150.435921
Walker,66.917751,-150.435921
Walker,66.917751,-150.435921
Walker,66.898437,-150.519309
Walker,66.898437,-150.519309
Walker,66.898437,-150.519309
Walker,66.893834,-150.515784
Walker,66.91704,-150.434094
Walker,66.91704,-150.434094
Walker,66.91704,-150.434094
Walker,66.83831,-150.519716
Walker,66.893834,-150.515784
Walker,66.893834,-150.515784
Walker,66.83831,-150.519716
Walker,66.83831,-150.519716
Walker,66.856464,-150.54414
Walker,66.85002079,-150.5668378
Walker,66.85002079,-150.5668378
Walker,66.856074,-150.547601
Walker,66.856074,-150.547601
Walker,66.856464,-150.54414
Walker,66.856464,-150.54414
Walker,66.85634886,-150.5438831
Walker,66.85634886,-150.5438831
Walker,66.85634886,-150.5438831
Walker,66.850796,-150.56532
Walker,66.850796,-150.56532
Walker,66.850796,-150.56532
Walker,66.85002079,-150.5668378
Walker,66.856074,-150.547601
Walker,64.828649,-151.181782
Walker,64.828649,-151.181782
Walker,64.82934,-151.179094
Walker,64.828649,-151.181782
Walker,64.822845,-151.158285
Walker,64.822845,-151.158285
Walker,64.822845,-151.158285
Walker,64.821359,-151.159987
Walker,64.821359,-151.159987
Walker,64.821359,-151.159987
Walker,64.82715,-151.18263
Walker,64.82715,-151.18263
Walker,64.82715,-151.18263
Walker,64.82934,-151.179094
Walker,64.82934,-151.179094
Walker,64.891201,-150.802512
Walker,64.892365,-150.833988
Walker,64.892365,-150.833988
Walker,64.891201,-150.802512
Walker,64.891201,-150.802512
Walker,64.892506,-150.798798
Walker,64.892506,-150.798798
Walker,64.892506,-150.798798
Walker,64.891863,-150.795388
Walker,64.891863,-150.795388
Walker,64.891863,-150.795388
Walker,64.893043,-150.832182
Walker,64.892365,-150.833988
Walker,64.893043,-150.832182
Walker,64.893043,-150.832182
Walker,66.71070409,-142.7713893
Walker,66.71070409,-142.7713893
Walker,66.71096619,-142.7759275
Walker,66.71096619,-142.7759275
Walker,66.71096619,-142.7759275
Walker,66.71679916,-142.7803668
Walker,66.71679916,-142.7803668
Walker,66.71679916,-142.7803668
Walker,66.71070409,-142.7713893
Walker,66.71621259,-142.7752526
Walker,66.712644,-142.7730993
Walker,66.712644,-142.7730993
Walker,66.712644,-142.7730993
Walker,66.71539703,-142.7741611
Walker,66.71539703,-142.7741611
Walker,66.71539703,-142.7741611
Walker,66.71621259,-142.7752526
Walker,66.71621259,-142.7752526
Walker,66.73341662,-142.768624
Walker,66.73518759,-142.7701453
Walker,66.73518759,-142.7701453
Walker,66.73518759,-142.7701453
Walker,66.73341662,-142.768624
Walker,66.73341662,-142.768624
Walker,66.80668304,-143.0156957
Walker,66.80668304,-143.0156957
Walker,66.80668304,-143.0156957
Walker,66.80569201,-143.015411
Walker,66.80594694,-143.0198768
Walker,66.80594694,-143.0198768
Walker,66.80594694,-143.0198768
Walker,66.73445912,-142.7728812
Walker,66.80569201,-143.015411
Walker,66.80569201,-143.015411
Walker,66.73445912,-142.7728812
Walker,66.73445912,-142.7728812
Walker,66.87654964,-143.2214955
Walker,66.87581958,-143.2246886
Walker,66.87581958,-143.2246886
Walker,66.82230033,-143.2420002
Walker,66.82230033,-143.2420002
Walker,66.87654964,-143.2214955
Walker,66.87654964,-143.2214955
Walker,66.82298543,-143.2449445
Walker,66.82298543,-143.2449445
Walker,66.82298543,-143.2449445
Walker,66.82369864,-143.2413749
Walker,66.82369864,-143.2413749
Walker,66.82369864,-143.2413749
Walker,66.87581958,-143.2246886
Walker,66.82230033,-143.2420002
Walker,66.87765878,-143.2235566
Walker,66.87765878,-143.2235566
Walker,66.87765878,-143.2235566
Walker,65.850034,-149.611875
Walker,65.850034,-149.611875
Walker,65.850034,-149.611875
Walker,65.835099,-149.633125
Walker,65.84867,-149.618177
Walker,65.84867,-149.618177
Walker,65.84867,-149.618177
Walker,65.849355,-149.61353
Walker,65.849355,-149.61353
Walker,65.849355,-149.61353
Walker,65.835099,-149.633125
Walker,65.835099,-149.633125
Walker,65.836261,-149.634115
Walker,65.836261,-149.634115
Walker,65.836261,-149.634115
Walker,65.835371,-149.628609
Walker,65.835371,-149.628609
Walker,65.835371,-149.628609
Walker,65.912567,-151.637261
Walker,65.912567,-151.637261
Walker,65.911182,-151.636244
Walker,65.911182,-151.636244
Walker,65.912567,-151.637261
Walker,65.908136,-151.66043
Walker,65.910295,-151.635449
Walker,65.910295,-151.635449
Walker,65.910295,-151.635449
Walker,65.911182,-151.636244
Walker,65.907296,-151.658296
Walker,65.907296,-151.658296
Walker,65.908136,-151.66043
Walker,65.907296,-151.658296
Walker,65.908136,-151.66043
Walker,65.937141,-151.658569
Walker,65.929828,-151.655024
Walker,65.929828,-151.655024
Walker,65.937141,-151.658569
Walker,65.929828,-151.655024
Walker,65.929061,-151.649666
Walker,65.937863,-151.659663
Walker,65.929061,-151.649666
Walker,65.929061,-151.649666
Walker,65.937208,-151.659717
Walker,65.937208,-151.659717
Walker,65.937863,-151.659663
Walker,65.937863,-151.659663
Walker,65.937208,-151.659717
Walker,65.937141,-151.658569
Walker,66.54855031,-143.4504557
Walker,66.54855031,-143.4504557
Walker,66.55069079,-143.4556596
Walker,66.55069079,-143.4556596
Walker,66.58267898,-143.5568665
Walker,66.58267898,-143.5568665
Walker,66.58267898,-143.5568665
Walker,66.54855031,-143.4504557
Walker,66.5839084,-143.5522668
Walker,66.5839084,-143.5522668
Walker,66.5839084,-143.5522668
Walker,66.54966229,-143.4535446
Walker,66.54966229,-143.4535446
Walker,66.54966229,-143.4535446
Walker,66.55069079,-143.4556596
Walker,66.58390635,-143.5522999
Walker,66.58390635,-143.5522999
Walker,66.58390635,-143.5522999
Walker,65.48007,-148.3624
Walker,65.48892,-148.38425
Walker,65.47969,-148.35371
Walker,65.47969,-148.35371
Walker,65.47969,-148.35371
Walker,65.48056,-148.35371
Walker,65.48056,-148.35371
Walker,65.48056,-148.35371
Walker,65.48152,-148.35167
Walker,65.48152,-148.35167
Walker,65.48152,-148.35167
Walker,65.48752,-148.3801
Walker,65.48752,-148.3801
Walker,65.48752,-148.3801
Walker,65.47838,-148.35025
Walker,65.47838,-148.35025
Walker,65.47838,-148.35025
Walker,65.47813,-148.36069
Walker,65.47813,-148.36069
Walker,65.47813,-148.36069
Walker,65.48506,-148.37856
Walker,65.48506,-148.37856
Walker,65.48506,-148.37856
Walker,65.48007,-148.3624
Walker,65.48007,-148.3624
Walker,65.48892,-148.38425
Walker,65.48892,-148.38425
Walker,65.10193,-150.27872
Walker,65.10193,-150.27872
Walker,65.14226,-150.23109
Walker,65.14226,-150.23109
Walker,65.09996,-150.27773
Walker,65.09996,-150.27773
Walker,65.09996,-150.27773
Walker,65.14054,-150.23334
Walker,65.14054,-150.23334
Walker,65.14054,-150.23334
Walker,65.14226,-150.23109
Walker,65.13871,-150.23174
Walker,65.1021,-150.27461
Walker,65.1021,-150.27461
Walker,65.1021,-150.27461
Walker,65.10193,-150.27872
Walker,65.14219,-150.22922
Walker,65.14219,-150.22922
Walker,65.14219,-150.22922
Walker,65.13044,-150.23032
Walker,65.13044,-150.23032
Walker,65.13044,-150.23032
Walker,65.13871,-150.23174
Walker,65.13871,-150.23174
Walker,65.12971,-150.22957
Walker,65.12971,-150.22957
Walker,65.12971,-150.22957
Walker,65.81586816,-145.7761284
Walker,65.79327168,-145.7277244
Walker,65.79327168,-145.7277244
Walker,65.81586816,-145.7761284
Walker,65.79206129,-145.7333039
Walker,65.79206129,-145.7333039
Walker,65.79206129,-145.7333039
Walker,65.81642539,-145.7732822
Walker,65.81642539,-145.7732822
Walker,65.81642539,-145.7732822
Walker,65.79327168,-145.7277244
Walker,65.81586816,-145.7761284
Walker,65.81777609,-145.7763717
Walker,65.81777609,-145.7763717
Walker,65.81777609,-145.7763717
Walker,65.79186323,-145.728196
Walker,65.79186323,-145.728196
Walker,65.79186323,-145.728196
Walker,65.79140821,-145.6054399
Walker,65.78133878,-145.6528751
Walker,65.79140821,-145.6054399
Walker,65.79140821,-145.6054399
Walker,65.78133878,-145.6528751
Walker,65.78133878,-145.6528751
Walker,65.79126685,-145.6017253
Walker,65.79126685,-145.6017253
Walker,65.79126685,-145.6017253
Walker,65.78413582,-145.6560266
Walker,65.77958437,-145.652922
Walker,65.77958437,-145.652922
Walker,65.77958437,-145.652922
Walker,65.78974286,-145.6059855
Walker,65.78413582,-145.6560266
Walker,65.78413582,-145.6560266
Walker,65.78974286,-145.6059855
Walker,65.78974286,-145.6059855
Walker,66.630344,-150.668702
Walker,66.639351,-150.662268
Walker,66.630344,-150.668702
Walker,66.630344,-150.668702
Walker,66.656117,-150.656184
Walker,66.656117,-150.656184
Walker,66.656117,-150.656184
Walker,66.658012,-150.654436
Walker,66.658012,-150.654436
Walker,66.658012,-150.654436
Walker,66.639817,-150.663442
Walker,66.639817,-150.663442
Walker,66.639817,-150.663442
Walker,66.639351,-150.662268
Walker,66.639351,-150.662268
Walker,64.714804,-153.748937
Walker,64.714804,-153.748937
Walker,64.714804,-153.748937
Walker,64.713647,-153.753518
Walker,64.713647,-153.753518
Walker,64.713647,-153.753518
Walker,64.712441,-153.756477
Walker,64.712441,-153.756477
Walker,64.712441,-153.756477
Walker,64.720611,-153.777512
Walker,64.720611,-153.777512
Walker,64.720611,-153.777512
Walker,64.718866,-153.785274
Walker,64.718866,-153.785274
Walker,64.718866,-153.785274
Walker,65.96928092,-144.7205138
Walker,65.96928092,-144.7205138
Walker,65.96928092,-144.7205138
Walker,65.94457446,-144.6798011
Walker,65.94457446,-144.6798011
Walker,65.94457446,-144.6798011
Walker,65.94399699,-144.6845522
Walker,65.94399699,-144.6845522
Walker,65.94399699,-144.6845522
Walker,65.94500927,-144.6863483
Walker,65.94500927,-144.6863483
Walker,65.94500927,-144.6863483
Walker,65.96744717,-144.7241821
Walker,65.96744717,-144.7241821
Walker,65.96744717,-144.7241821
Walker,65.96837425,-144.7244254
Walker,65.96837425,-144.7244254
Walker,65.96837425,-144.7244254
Walker,64.95943689,-148.1654613
Walker,64.95943689,-148.1654613
Walker,64.95943689,-148.1654613
Walker,64.95248,-148.41943
Walker,64.95248,-148.41943
Walker,64.95248,-148.41943
Walker,64.9594,-148.16544
Walker,64.9594,-148.16544
Walker,64.9594,-148.16544
Walker,64.95606,-148.39127
Walker,64.95606,-148.39127
Walker,64.95606,-148.39127
Walker,64.9498674,-148.2947491
Walker,64.9498674,-148.2947491
Walker,64.9498674,-148.2947491
Walker,64.94795,-148.31549
Walker,64.94795,-148.31549
Walker,64.94795,-148.31549
Walker,64.9589,-148.24605
Walker,64.9589,-148.24605
Walker,64.9589,-148.24605
Walker,64.95412,-148.2617
Walker,64.95412,-148.2617
Walker,64.95412,-148.2617
Walker,63.837145,-152.784231
Walker,63.837145,-152.784231
Walker,63.837145,-152.784231
Walker,63.838853,-152.783366
Walker,63.838853,-152.783366
Walker,63.838853,-152.783366
Walker,63.839691,-152.778787
Walker,63.839691,-152.778787
Walker,63.839691,-152.778787
Walker,63.832563,-152.757481
Walker,63.832563,-152.757481
Walker,63.832563,-152.757481
Walker,63.834225,-152.764137
Walker,63.834225,-152.764137
Walker,63.834225,-152.764137
Walker,65.119326,-151.213906
Walker,65.119326,-151.213906
Walker,65.119326,-151.213906
Walker,65.1217,-151.22812
Walker,65.1217,-151.22812
Walker,65.1217,-151.22812
Walker,65.12051,-151.21452
Walker,65.12051,-151.21452
Walker,65.12051,-151.21452
Walker,65.121398,-151.210403
Walker,65.121398,-151.210403
Walker,65.121398,-151.210403
Walker,65.12084,-151.23143
Walker,65.12084,-151.23143
Walker,65.12084,-151.23143
Walker,65.11636,-151.22972
Walker,65.11636,-151.22972
Walker,65.11636,-151.22972
Walker,65.11549,-151.23235
Walker,65.11549,-151.23235
Walker,65.11549,-151.23235
Walker,65.11942,-151.25096
Walker,65.11942,-151.25096
Walker,65.11942,-151.25096
Walker,66.41306426,-144.0122087
Walker,66.41306426,-144.0122087
Walker,66.41306426,-144.0122087
Walker,66.3696131,-143.7536396
Walker,66.3696131,-143.7536396
Walker,66.3696131,-143.7536396
Walker,66.41269382,-144.0056618
Walker,66.41269382,-144.0056618
Walker,66.41269382,-144.0056618
Walker,66.36790751,-143.7542317
Walker,66.36790751,-143.7542317
Walker,66.36790751,-143.7542317
Walker,66.37137544,-143.7528288
Walker,66.37137544,-143.7528288
Walker,66.37137544,-143.7528288
Walker,66.41456361,-144.0071624
Walker,66.41456361,-144.0071624
Walker,66.41456361,-144.0071624
Walker,65.29811,-146.63409
Walker,65.29825,-146.63603
Walker,65.29786,-146.62308
Walker,65.29786,-146.62308
Walker,65.29786,-146.62308
Walker,65.29789,-146.62794
Walker,65.29789,-146.62794
Walker,65.29789,-146.62794
Walker,65.29753,-146.64056
Walker,65.29753,-146.64056
Walker,65.29753,-146.64056
Walker,65.29811,-146.63409
Walker,65.29811,-146.63409
Walker,65.29825,-146.63603
Walker,65.29825,-146.63603
Walker,65.29662,-146.63892
Walker,65.29662,-146.63892
Walker,65.29662,-146.63892
Walker,65.30354,-146.59595
Walker,65.30354,-146.59595
Walker,65.30515,-146.59331
Walker,65.30515,-146.59331
Walker,65.30515,-146.59331
Walker,65.30201,-146.60059
Walker,65.30201,-146.60059
Walker,65.30201,-146.60059
Walker,65.30348,-146.59381
Walker,65.30348,-146.59381
Walker,65.30354,-146.59595
Walker,65.30348,-146.59381
Walker,65.30271,-146.59625
Walker,65.30458,-146.59543
Walker,65.30271,-146.59625
Walker,65.30271,-146.59625
Walker,65.30458,-146.59543
Walker,65.30458,-146.59543
