"","Researcher","StudyArea","site","Photo_ID","Sampling_Date","Year_of_Burn","X","X.1","Latitude","Longitude","Eco_Type","Dom_Tree","Dom_Understory","Dom_ground","Elevation","Slope","Aspect","Moisture_Class","SOL_depth","SOL_depth_SD","SOL_depth_number","Burn_Depth","Burn_depth_SD","Burn_depth_number","Burn_depth_method","Thaw_depth","Thaw_depth_SD","Thaw_depth_number","Stand_age","Stand_age_SD","Stand_age_number","age_method","area_sampled_trees","tree1_species","tree1_density","tree1_density_SD","tree1_basalarea","tree1_basalarea_SD","tree2_species","tree2_density","tree2_density_SD","tree2_basalarea","tree2_basalarea_SD","Veg_Type"
"1","Saperstein","Kenai","LCC-MC01","","7/21/2021","2019","",NA,60.62551,-150.27888,"Open black spruce","Black spruce","","",132,0,"","3",11,NA,1,7,1.7,3,"adventitious roots","no permafrost",NA,NA,"72","","","Fire perimeter map",NA,"",NA,NA,NA,NA,"",NA,NA,NA,NA,"Conifer"
"2","Saperstein","Kenai","LCC-MC02","","7/21/2021","2019","",NA,60.62135,-150.28622,"Open black spruce/ericaceous shrub","Black spruce","Ericaceous shrubs","",129,0,"","3",12.5,NA,1,NA,NA,NA,"","no permafrost",NA,NA,"72","","","Fire perimeter map",NA,"",NA,NA,NA,NA,"",NA,NA,NA,NA,"Mix"
"3","Saperstein","Kenai","LCC-MC03","","7/22/2021","2019","",NA,60.61276,-150.29356,"Open black spruce/ericaceous shrub","Black spruce","Ericaceous shrubs","",137,0.5,"51","3",14.25,NA,1,NA,NA,NA,"","no permafrost",NA,NA,"72","","","Fire perimeter map",NA,"",NA,NA,NA,NA,"",NA,NA,NA,NA,"Mix"
"4","Saperstein","Kenai","LCC-MC04","","7/22/2021","2019","",NA,60.62394,-150.28476,"open black spruce/aspen/BENE/Salix","Spruce-deciduous","","",129,0,"","2",9.25,NA,1,5,NA,NA,"","no permafrost",NA,NA,"72","","","Fire perimeter map",NA,"",NA,NA,NA,NA,"",NA,NA,NA,NA,"Mix"
"5","Saperstein","Kenai","LCC-MC05","","7/22/2021","2019","2002",NA,60.62933,-150.28194,"Spruce/birch/willow/aspen","Spruce-deciduous","","",126,0,"","3",12,NA,1,3.5,NA,NA,"","no permafrost",NA,NA,"17","","","Rx fire documentation",NA,"",NA,NA,NA,NA,"",NA,NA,NA,NA,"Mix"
"6","Saperstein","Kenai","LCC-MC06","","7/22/2021","2019","",NA,60.58213,-150.31427,"small diameter black spruce","Black spruce","feathermoss/ericaceous shrubs/lichens","dead deathermoss mats present",112,0,"","3",15.75,NA,1,NA,NA,NA,"","no permafrost",NA,NA,"72","","","Fire perimeter map",NA,"",NA,NA,NA,NA,"",NA,NA,NA,NA,"Conifer"
"7","Saperstein","Kenai","FMHMC15","","7/21/2021","2019","",NA,60.60438,-150.29974,"","","","",144,2,"56","3",12.25,NA,1,NA,NA,NA,"","no permafrost",NA,NA,"72","","","Fire perimeter map",NA,"",NA,NA,NA,NA,"",NA,NA,NA,NA,"Open"
"8","Saperstein","Kenai","FMHMC16","","7/22/2021","2019","",NA,60.60422,-150.30807,"","","","",130,1.5,"180","3",14.5,NA,1,NA,NA,NA,"","no permafrost",NA,NA,"72","","","Fire perimeter map",NA,"",NA,NA,NA,NA,"",NA,NA,NA,NA,"Open"
"9","Dominique Arseneault","Quebec","LCC-JB-1","LCC_JB_1_site.jpeg","7/30/2021","2013","2005",NA,52.207348,-77.106311,"Black spruce-Sphagnum","Pinus banksiana","Ericaceous shrubs","Sphagnum",208,3,"350","4",41.7,11.1,6,19,2.3,5,"Adventitious roots",NA,NA,NA,"8",NA,NA,"map",176.96,"Pinus banksiana",0.4,NA,0,NA,"",NA,NA,NA,NA,"Conifer"
"10","Dominique Arseneault","Quebec","LCC-JB-3","LCC_JB_3_site.jpeg","7/30/2021","2013","Before 1750",NA,52.075299,-77.26118,"Black spruce-Sphagnum","Picea mariana","Ericaceous shrubs","Sphagnum",245,0,"268","4",36.3,10.4,8,27.8,7.8,5,"Adventitious roots",NA,NA,NA,"260","32","6","Tree ring count",78.54,"Picea mariana",0.67,NA,6.26,NA,"",NA,NA,NA,NA,"Conifer"
"11","Dominique Arseneault","Quebec","LCC-JB-4","LCC_JB_4_site.jpeg","7/30/2021","2013","Before 1750",NA,52.072527,-77.266939,"Black spruce-Sphagnum","Picea mariana","Ericaceous shrubs","Sphagnum",240,2,"251","4",40,6.6,8,29,10.9,5,"Adventitious roots",NA,NA,NA,"260","32","6","Tree ring count",78.54,"Picea mariana",0.33,NA,5.68,NA,"",NA,NA,NA,NA,"Conifer"
"12","Dominique Arseneault","Quebec","LCC-5-JB","LCC_5_JB_site.jpeg","9/13/2021","2013","Before 1750",NA,52.06983,-77.272698,"Black spruce-Sphagnum","Picea mariana","Ericaceous shrubs","Sphagnum",226,2,"248","4",85.2,14.1,5,14,6.7,5,"Adventitious roots",NA,NA,NA,"260","32","6","Tree ring count",78.54,"Picea mariana",0.78,NA,10.18,NA,"",NA,NA,NA,NA,"Conifer"
"13","Dominique Arseneault","Quebec","LCC-6-JB","LCC_6_JB_site.jpeg","9/13/2021","2013","Before 1750",NA,52.067131,-77.278473,"Black spruce-Sphagnum","Picea mariana","Ericaceous shrubs","Sphagnum",229,2,"276","4",52.4,2.9,5,12.2,4,5,"Adventitious roots",NA,NA,NA,"260","32","6","Tree ring count",78.54,"Picea mariana",0.5,NA,3,NA,"",NA,NA,NA,NA,"Conifer"
"14","Dominique Arseneault","Quebec","LCC-7-JB","LCC_7_JB_site.jpeg","9/13/2021","2013","Before 1750",NA,52.062622,-77.282013,"Black spruce-Sphagnum","Picea mariana","Ericaceous shrubs","Sphagnum",236,2,"266","4",14.2,11.9,5,12.8,2.3,5,"Adventitious roots",NA,NA,NA,"260","32","6","Tree ring count",78.54,"Picea mariana",0.27,NA,6.54,NA,"",NA,NA,NA,NA,"Conifer"
"15","Dominique Arseneault","Quebec","LCC-8-JB","LCC_8_JB_site.jpeg","9/13/2021","2013","2005",1793,52.152463,-77.155457,"Black spruce-Sphagnum","Picea mariana","Ericaceous shrubs","Sphagnum",215,1,"278","4",58.6,17.4,5,17.8,10,5,"Adventitious roots",NA,NA,NA,"8",NA,NA,"map",78.54,NA,NA,NA,NA,NA,"",NA,NA,NA,NA,"Conifer"
"16","Dominique Arseneault","Quebec","LCC-9-JB","LCC_9_JB_site.jpeg","9/14/2021","2013","2005",1793,52.16678,-77.14965,"Black spruce-Sphagnum","Picea mariana","Ericaceous shrubs","Sphagnum",222,3,"304","4",52.6,9.6,5,16.2,12.7,5,"Adventitious roots",NA,NA,NA,"8",NA,NA,"map",78.54,"Picea mariana",0.29,NA,5.53,NA,"",NA,NA,NA,NA,"Conifer"
"17","Dominique Arseneault","Quebec","LCC-10-JB","LCC_10_JB_site.jpeg","9/14/2021","2013","2005",1793,52.162002,-77.15158,"Black spruce-Sphagnum",NA,"Ericaceous shrubs","Sphagnum",221,1,"165","4",26.8,10,5,19,7.2,5,"Adventitious roots",NA,NA,NA,"8",NA,NA,"map",78.54,"Picea mariana",0.04,NA,0.45,NA,"",NA,NA,NA,NA,"Conifer"
"18","Dominique Arseneault","Quebec","LCC-11-JB","LCC_11_JB_site.jpeg","9/14/2021","2013","2005",1793,52.147702,-77.157385,"Black spruce-Sphagnum","Populus tremuloides","Ericaceous shrubs","Polytrichum",225,2,"314","4",7.6,5.3,5,11.2,6.3,5,"Adventitious roots",NA,NA,NA,"8",NA,NA,"map",78.54,NA,NA,NA,NA,NA,"",NA,NA,NA,NA,"Conifer"
"19","Dominique Arseneault","Quebec","LCC-12-JB","LCC_12_JB_site.jpeg","9/14/2021","2013","2005",1793,52.140447,-77.187098,"Black spruce-Lichens","Populus tremuloides","Graminoids","Polytrichum",223,3,"337","3",2.1,1.4,5,13,6.2,5,"Adventitious roots",NA,NA,NA,"8",NA,NA,"map",78.54,"Picea mariana",0.08,NA,0,NA,"",NA,NA,NA,NA,"Conifer"
"20","Gundale/Nilsson","Sweden","Sweden 41","","August 22,2021","2018","",NA,62.740383,17.8657,"Norwegian spruce forest","Picea abies","Ericaceae","feather moss",88,3.663718,"218.659805","3",2.5,1.837117,21,17.8,NA,1,"control pair","no permafrost","no permafrost","no permafrost","65","no rings","no rings","history map",400,"Pinus sylvestris",0.0325,NA,14.02919433,NA,"Picea abies",0.055,NA,8.200558208,NA,"Conifer"
"21","Gundale/Nilsson","Sweden","Sweden 43","","24-Aug-21","2018","",NA,62.259867,13.615967,"Norwegian spruce forest","Picea abies","Ericaceae","feather moss",350,3.713504,"74.357758","4",13.29,5.897627,20,33.9,NA,1,"control pair","no permafrost","no permafrost","no permafrost","153","no rings","no rings","history map",400,"Pinus sylvestris",0,NA,0,NA,"Picea abies",0.0325,NA,3.768536738,NA,"Conifer"
"22","Gundale/Nilsson","Sweden","Sweden 45","","23-Aug-21","2018","",NA,62.221,15.648717,"Scots pine forest","Pinus sylvestris","Ericaceae","lichen",149,2.361028,"255.96376","3",5.868421,3.620321,19,17.1,NA,1,"control pair","no permafrost","no permafrost","no permafrost","87","no rings","no rings","history map",400,"Pinus sylvestris",0.06,NA,18.66569421,NA,"Picea abies",0.02,NA,1.299441263,NA,"Conifer"
"23","Gundale/Nilsson","Sweden","Sweden 51","","24-Aug-21","2018","",NA,61.763267,14.819833,"Scots pine forest","Pinus sylvestris","Ericaceae","feather moss",229,1.811248,"251.565048","2",8,4.227106,20,19.9,NA,1,"control pair","no permafrost","no permafrost","no permafrost","78","no rings","no rings","history map",400,"Pinus sylvestris",0.14,NA,22.61567756,NA,"Picea abies",0.04,NA,4.324539733,NA,"Conifer"
"24","Gundale/Nilsson","Sweden","Sweden 53","","24-Aug-21","2018","",NA,61.746317,14.602717,"Scots pine forest","Pinus sylvestris","Ericaceae","feather moss",247,1.232002,"54.462322","3",9.673684,3.111599,19,27.4,NA,1,"control pair","no permafrost","no permafrost","no permafrost","78","no rings","no rings","history map",400,"Pinus sylvestris",0.1125,NA,24.99217459,NA,"Picea abies",0.0225,NA,0.74614789,NA,"Conifer"
"25","Gundale/Nilsson","Sweden","Sweden 55","","24-Aug-21","2018","",NA,61.6248,14.7018,"Scots pine forest","Pinus sylvestris","Ericaceae","feather moss",283,3.04245,"228.814072","1",8.5,2.36198,20,22.4,NA,1,"control pair","no permafrost","no permafrost","no permafrost","91","no rings","no rings","history map",400,"Pinus sylvestris",0.06,NA,30.81849379,NA,"Picea abies",0,NA,0,NA,"Conifer"
"26","Gundale/Nilsson","Sweden","Sweden A","","23-Aug-21","2018","",NA,61.96387,15.49256,"Scots pine forest","Pinus sylvestris","Ericaceae","lichen",NA,NA,"","3",3,NA,2,NA,NA,NA,"","","","","","","","",NA,"",NA,NA,NA,NA,"",NA,NA,NA,NA,"Conifer"
"27","Gundale/Nilsson","Sweden","Sweden B","","23-Aug-21","2018","",NA,61.93795,15.47513,"Scots pine forest","Pinus sylvestris","Ericaceae","pine litter",NA,NA,"","3",3.5,NA,2,NA,NA,NA,"","","","","","","","",NA,"",NA,NA,NA,NA,"",NA,NA,NA,NA,"Conifer"
"28","Gundale/Nilsson","Sweden","Sweden C","","23-Aug-21","2018","",NA,62.0138,15.2375,"Scots pine forest","Pinus sylvestris","Ericaceae","polytrichum",NA,NA,"","3",4,NA,2,NA,NA,NA,"","","","","","","","",NA,"",NA,NA,NA,NA,"",NA,NA,NA,NA,"Conifer"
"29","Gundale/Nilsson","Sweden","Sweden D","","24-Aug-21","2018","",NA,61.8389,14.44312,"Scots pine forest","Pinus sylvestris","Ericaceae","lichen",NA,NA,"","3",9,NA,2,NA,NA,NA,"","","","","","","","",NA,"",NA,NA,NA,NA,"",NA,NA,NA,NA,"Conifer"
"30","Kirsten Reid","Yukon","Reid_LCC1","Reid_LCC1","August 18 2021","2017","",NA,65.90826,-137.52124,"black spruce","black spruce","","",NA,NA,"","",14.5,NA,1,NA,NA,NA,"","","","","","","","",NA,"",NA,NA,NA,NA,"",NA,NA,NA,NA,"Conifer"
"31","Kirsten Reid","Yukon","Reid_LCC2","Reid_LCC2","August 18 2021","2017","",NA,65.88424,-137.54587,"black spruce","black spruce","","",NA,NA,"","",4.5,NA,1,NA,NA,NA,"","","","","","","","",NA,"",NA,NA,NA,NA,"",NA,NA,NA,NA,"Conifer"
"32","Kirsten Reid","Yukon","Reid_LCC3","Reid_LCC3","August 18 2021","2017","",NA,65.85664,-137.55214,"moist acidic tundra","","","",NA,NA,"","",22.75,NA,1,NA,NA,NA,"","","","","","","","",NA,"",NA,NA,NA,NA,"",NA,NA,NA,NA,"Open"
"33","Kirsten Reid","Yukon","Reid_LCC4","Reid_LCC4","August 18 2021","2017","",NA,65.84209,-137.6162,"black spruce","black spruce","","",NA,NA,"","",9,NA,1,NA,NA,NA,"","","","","","","","",NA,"",NA,NA,NA,NA,"",NA,NA,NA,NA,"Conifer"
"34","Kirsten Reid","Yukon","Reid_LCC5","Reid_LCC5","August 18 2021","2017","",NA,65.84166,-137.67924,"black spruce","black spruce","","",NA,NA,"","",3.25,NA,1,NA,NA,NA,"","","","","","","","",NA,"",NA,NA,NA,NA,"",NA,NA,NA,NA,"Conifer"
"35","Kirsten Reid","Yukon","Reid_LCC6","Reid_LCC6","August 18 2021","2017","",NA,65.85861,-137.71349,"black spruce","black spruce","","",NA,NA,"","",3.5,NA,1,NA,NA,NA,"","","","","","","","",NA,"",NA,NA,NA,NA,"",NA,NA,NA,NA,"Conifer"
"36","Kirsten Reid","Yukon","Reid_LCC7","Reid_LCC7","August 18 2021","2017","",NA,65.83369,-137.76961,"black spruce","black spruce","","",NA,NA,"","",5,NA,1,NA,NA,NA,"","","","","","","","",NA,"",NA,NA,NA,NA,"",NA,NA,NA,NA,"Conifer"
"37","Kirsten Reid","Yukon","Reid_LCC8","Reid_LCC8","August 18 2021","2017","",NA,65.83566,-137.7742,"black spruce","black spruce","","",NA,NA,"","",5.5,NA,1,NA,NA,NA,"","","","","","","","",NA,"",NA,NA,NA,NA,"",NA,NA,NA,NA,"Conifer"
"38","Kirsten Reid","Yukon","Reid_LCC9","Reid_LCC9","August 18 2021","2017","",NA,65.78394,-137.77986,"black spruce","black spruce","","",NA,NA,"","",3.5,NA,1,NA,NA,NA,"","","","","","","","",NA,"",NA,NA,NA,NA,"",NA,NA,NA,NA,"Conifer"
"39","Kirsten Reid","Yukon","Reid_LCC10","Reid_LCC10","August 18 2021","2017","",NA,65.7733,-137.84204,"black spruce","black spruce","","",NA,NA,"","",10.5,NA,1,NA,NA,NA,"","","","","","","","",NA,"",NA,NA,NA,NA,"",NA,NA,NA,NA,"Conifer"
"40","Hayes","Alaska","27_2","Site 27_2 Side","6/25/2021","2004","1953",NA,65.58768,-144.97264,"black spruce","Salix","","",404.8529968,1.46521,"96.3998032","",9.6,2.19,5,5.09,1.79,35,"adventitious roots","1.08","0.106","6","17","","","maps",400,"",NA,NA,NA,NA,"",NA,NA,NA,NA,"Conifer"
"41","Hayes","Alaska","33_1","Site 33_1 Side","6/26/2021","2004","",NA,65.58279,-144.99422,"black spruce","Picea mariana","","",408.3590088,2.1331899,"131.6660004","",8.5,3,5,7.55,2.66,11,"adventitious roots","1.04","0.99","5","17","","","maps",400,"",NA,NA,NA,NA,"",NA,NA,NA,NA,"Conifer"
"42","Hayes","Alaska","35_3","Site 35_3","6/27/2021","2004","1974",1957,65.59224,-144.99461,"black spruce","Salix","","",418.0899963,1.14961,"102.7590027","",1.8,1.3,5,NA,NA,NA,"","","","","17","","","maps",400,"",NA,NA,NA,NA,"",NA,NA,NA,NA,"Conifer"
"43","Hayes","Alaska","25_3","Site 25_3 Side","6/27/2021","2004","1974",1957,65.59358,-144.99825,"black spruce","Salix","","",420.4249878,0.472047,"121.6279984","",2.6,0.55,5,NA,NA,NA,"","","","","17","","","maps",400,"",NA,NA,NA,NA,"",NA,NA,NA,NA,"Conifer"
"44","Hayes","Alaska","24_3","Site 24_3 Side","6/24/2021","2004","1974",1957,65.58874,-144.99597,"black spruce","Populus tremuloides","","",417.1700134,0.803482,"71.876503","",1.2,0.35,5,NA,NA,NA,"","","","","17","","","maps",400,"",NA,NA,NA,NA,"",NA,NA,NA,NA,"Conifer"
"45","Hayes","Alaska","19_2","Site 19_2 Side","6/25/2021","2004","1953",NA,65.58894,-144.97484,"black spruce","Picea mariana","","",406.8299866,0.339272,"189.8070068","",9.6,0.89,5,NA,NA,NA,"","0.914","0.104","7","17","","","maps",400,"",NA,NA,NA,NA,"",NA,NA,NA,NA,"Conifer"
"46","Hayes","Alaska","4_2","Site 4_2 Side","6/25/2021","2004","1953",NA,65.58785,-144.97032,"black spruce","Salix","","",403.696991,0.853737,"77.2068024","",13,2.74,5,5.56,1.78,32,"adventitious roots","1.19","0.168","3","17","","","maps",400,"",NA,NA,NA,NA,"",NA,NA,NA,NA,"Conifer"
"47","Hayes","Alaska","36_1","Site 36_1 Side","6/28/2021","2006","",NA,65.56454,-144.92126,"black spruce","Populus tremuloides","","",367.7340088,2.49541,"58.3437004","",12.6,2.3,5,5,0.822,19,"adventitious roots","","","","15","","","maps",400,"",NA,NA,NA,NA,"",NA,NA,NA,NA,"Conifer"
"48","Hayes","Alaska","20_1","Site 20_1 Side","6/28/2021","2006","",NA,65.5648,-144.92697,"black spruce","Picea mariana","","",371.9349976,1.26079,"45.5505981","",13,7.38,5,9.95,1.83,21,"adventitious roots","","","","15","","","maps",400,"",NA,NA,NA,NA,"",NA,NA,NA,NA,"Conifer"
"49","Baltzer","North-West Territory","JL-01","2028","30-Jul-21","2019","",NA,66.0445,-128.05318,"Open black spruce","","Begl,ledgro","Sphagnum",185,0,"S","Subhydric",19.25,0.353553391,2,4.13,2.01,5,"Adventitious Roots","58","","1","109",NA,"5","tree rings",20,"Picea Mariana",500,NA,0.003534292,NA,"Alnus Crispa",0,NA,NA,NA,"Conifer"
"50","Baltzer","North-West Territory","Jl-02","2029","30-Jul-21","2019","",NA,66.04443,-128.05539,"Close black spruce stand","Pima","Begl, ledgro","Na",187,0,"S","Subhydric",28.25,2.474873734,2,2.86,1.62,5,"Adventitious Roots","66","","1","112",NA,"5","tree rings",20,"Picea Mariana",6500,NA,7.680801339,NA,"Alnus Crispa",0,NA,NA,NA,"Conifer"
"51","Baltzer","North-West Territory","Jl-03","2032","30-Jul-21","2019","",NA,66.05543,-128.0226,"Peatland no trees","Na","Begl,ledgro","Sphagnum",194,0,"S","Subhydric",23,2.828427125,2,NA,NA,NA,"","48","","1","",NA,"","tree rings",20,NA,0,NA,0,NA,NA,0,NA,NA,NA,"Open"
"52","Baltzer","North-West Territory","Jl-04","2037","30-Jul-21","2019","",NA,66.05424,-128.0234,"Open black spruce","Pima","Ledgro","Sphagnum",189,0,"S","Subhydric ",33.25,0.353553391,2,6.57,3.73,5,"Adventitious Roots","41","1.414213562","2","165",NA,"5","tree rings",20,"Picea Mariana",2000,NA,2.37347325,NA,"Alnus Crispa",0,NA,NA,NA,"Conifer"
"53","Baltzer","North-West Territory","Kl-01","2043","30-Jul-21","2019","",NA,65.45551,-126.5732,"Closed black spruce","Pima","Begl, alcr","Poa sp",526,20,"S","Xeric",9.75,0.353553391,2,2.57,1.43,5,"Adventitious Roots","5","","1","75",NA,"5","tree rings",20,"Picea Mariana",2000,NA,6.544722896,NA,"Alnus Crispa",500,NA,NA,NA,"Conifer"
"54","Baltzer","North-West Territory","Kl-02","2044","30-Jul-21","2019","",NA,65.45557,-126.57484,"Closed black spruce","Pima","Begl,alcr","Poa sp",527,0,"N","Xeric",4.5,0,2,5.83,3.29,5,"Adventitious Roots","4","","1","73",NA,"6","tree rings",20,"Picea Mariana",2000,NA,3.489916739,NA,"Alnus Crispa",500,NA,NA,NA,"Conifer"
"55","Metcalfe","Sweden","21","021_2020","10/5/2021","2018","",NA,64.642267,17.955083,"Scots pine forest","Pinus sylvestris","Ericaceae","feather moss",189,0,"na","3",5.075,1.616323,20,12.2,NA,1,"control pair","no permafrost","no permafrost","no permafrost","121","no rings","no rings","history map",400,"Pinus sylvestris",0.1125,NA,14.05057679,NA,"Picea abies",0,NA,0,NA,"Conifer"
"56","Metcalfe","Sweden","23","023_2020","10/14/2021","2018","",NA,64.0329,18.322767,"Scots pine forest","Pinus sylvestris","Ericaceae","feather moss",148,1.358634,"108.434952","5",5.375,2.689526,20,15.6,NA,1,"control pair","no permafrost","no permafrost","no permafrost","119","no rings","no rings","history map",400,"Pinus sylvestris",0.03,NA,14.54626121,NA,"Picea abies",0,NA,0,NA,"Conifer"
"57","Metcalfe","Sweden","25","025_2020","10/4/2021","2018","",NA,63.948733,19.73035,"Scots pine forest","Pinus sylvestris","Ericaceae","feather moss",47,1.632739,"74.744881","3",3.675,2.066493,20,12.7,NA,1,"control pair","no permafrost","no permafrost","no permafrost","68","no rings","no rings","history map",400,"Pinus sylvestris",0.105,NA,9.686021025,NA,"Picea abies",0.005,NA,0.223151253,NA,"Conifer"
"58","Metcalfe","Sweden","27","027_2020","10/14/2021","2018","",NA,63.91193333,18.03876667,"Scots pine forest","Pinus sylvestris","Ericaceae","feather moss",183,6.264419,"59.931419","2",7.3,1.76516,20,19,NA,1,"control pair","no permafrost","no permafrost","no permafrost","69","no rings","no rings","history map",400,"Pinus sylvestris",0.04,NA,21.38682396,NA,"Picea abies",0.0175,NA,3.899796405,NA,"Conifer"
"59","Metcalfe","Sweden","29","029_2020","10/14/2021","2018","",NA,63.85656667,16.81923333,"Scots pine forest","Pinus sylvestris","Ericaceae","feather moss",117,1.232002,"324.462311","3",5.75,2.244877,20,18.2,NA,1,"control pair","no permafrost","no permafrost","no permafrost","112","no rings","no rings","history map",400,"Pinus sylvestris",0.1025,NA,29.75840262,NA,"Picea abies",0,NA,0,NA,"Conifer"
"60","Metcalfe","Sweden","31","031_2020","10/17/2021","2018","",NA,63.792317,20.343317,"Scots pine forest","Pinus sylvestris","Ericaceae","feather moss",21,0.405136,"45","4",17.1,8.251954,20,26.6,NA,1,"control pair","no permafrost","no permafrost","no permafrost","115","no rings","no rings","history map",400,"Pinus sylvestris",0.06,NA,15.80024755,NA,"Picea abies",0.035,NA,3.907670023,NA,"Conifer"
"61","Metcalfe","Sweden","33","033_2020","10/4/2021","2018","",NA,63.771533,19.394733,"Scots pine forest","Pinus sylvestris","Ericaceae","feather moss",90,4.474982,"153.434952","1",6.275,5.017011,20,20.4,NA,1,"control pair","no permafrost","no permafrost","no permafrost","97","no rings","no rings","history map",400,"Pinus sylvestris",0.045,NA,13.23337001,NA,"Picea abies",0.015,NA,0.76599883,NA,"Conifer"
"62","Metcalfe","Sweden","35","035_2020","10/6/2021","2018","",NA,63.599692,17.812786,"Scots pine forest","Pinus sylvestris","Ericaceae","feather moss",112,1.181015,"14.036247","2",5.6,1.905394,20,16,NA,1,"control pair","no permafrost","no permafrost","no permafrost","110","no rings","no rings","history map",400,"Pinus sylvestris",0.06,NA,14.35611632,NA,"Picea abies",0,NA,0,NA,"Conifer"
"63","Metcalfe","Sweden","37","037_2020","10/6/2021","2018","",NA,63.370126,18.753494,"Scots pine forest","Pinus sylvestris","Ericaceae","lichen",74,2.811949,"165.256439","2",3.87,2.55345,20,11.8,NA,1,"control pair","no permafrost","no permafrost","no permafrost","58","no rings","no rings","history map",400,"Pinus sylvestris",0.025,NA,3.949178315,NA,"Picea abies",0,NA,0,NA,"Conifer"
"64","Metcalfe","Sweden","39","039_2020","10/6/2021","2018","",NA,63.34933333,17.4327,"Scots pine forest","Pinus sylvestris","Ericaceae","feather moss",125,1.718358,"90","3",5.1,2.840497,20,14,NA,1,"control pair","no permafrost","no permafrost","no permafrost","74","no rings","no rings","history map",400,"Pinus sylvestris",0.0675,NA,15.51544254,NA,"Picea abies",0,NA,0,NA,"Conifer"
"65","Pare","Eastern Quebec","Lab-01","Lab-01","9/15/2021","2019","1917",NA,49.255442,-69.725733,"Black Spruce","Picea mariana","Populus tremuloides","Cornus Canadensis, Vaccinum angustifolium, Kalmia angustifolia, Epilobium angustifolium",492,0,"","3",6.5,NA,1,0,NA,1,"","no permafrost","no permafrost","no permafrost","na","","","tree rings",400,"n.a.",0.461,NA,8.2,NA,NA,NA,NA,NA,NA,"Conifer"
"66","Pare","Eastern Quebec","Lab-02","Lab-02","9/15/2021","2019","1917",NA,49.253508,-69.741513,"Black Spruce","Picea mariana","Populus tremuloides, Salix sp.","Cornus canadensis, Vaccinum angustifolium, Politrichum sp.",513,0,"","3",9,NA,1,0,NA,1,"","no permafrost","no permafrost","no permafrost","74","","","tree rings",400,"Picea mariana",1.655,NA,26,NA,NA,NA,NA,NA,NA,"Conifer"
"67","Pare","Eastern Quebec","Lab-03","Lab-03","9/15/2021","2019",NA,NA,49.246435,-69.752091,"Black Spruce","Picea mariana","Prunus pensylvanica","Epilobium angustifolium, Vaccinum angustifolium",519,0,"","3",9.5,NA,1,4.5,NA,1,"","no permafrost","no permafrost","no permafrost","74","","","tree rings",400,"Abies balsamea",1.024,NA,16.8,NA,NA,NA,NA,NA,NA,"Conifer"
"68","Pare","Eastern Quebec","Lab-04","Lab-04","9/15/2021","2019",NA,NA,49.237709,-69.760642,"Black Spruce","Picea mariana","Prunus pensylvanica","Epilobium angustifolium",534,0,"","3",4.75,NA,1,0,NA,1,"","no permafrost","no permafrost","no permafrost","80","","","tree rings",400,"Abies balsamea",1.024,NA,16.8,NA,NA,NA,NA,NA,NA,"Conifer"
"69","Pare","Eastern Quebec","Lab-05","Lab-05","9/15/2021","2019","1919",NA,49.23096,-69.770148,"Black Spruce","Picea mariana","Prunus pensylvanica","Kalmia angustifolia, Epilobium angustifolium, Polytrichum sp.",519,0,"","3",9.25,NA,1,4.5,NA,1,"","no permafrost","no permafrost","no permafrost","85","","","tree rings",400,"Picea mariana",0.461,NA,8.2,NA,NA,NA,NA,NA,NA,"Conifer"
"70","Pare","Eastern Quebec","Pas-01","PAS_01_","10/28/2021","2020","1919",NA,49.585149,-71.585149,"Black Spruce","Picea mariana, Pinus banksiana","Picea mariana, Betula papyrifera","Vaccinum angustifolium, Kalmia angustifolia, Moss",324,15,"","3",6.5,NA,1,10,NA,1,"","no permafrost","no permafrost","no permafrost","73","","","tree rings",400,"Picea mariana",1.024,NA,16.8,NA,NA,NA,NA,NA,NA,"Conifer"
"71","Pare","Eastern Quebec","Pas-02","PAS_02_","10/28/2021","2020","1919",NA,49.580709,-71.354037,"Black Spruce","Picea mariana","Picea mariana, Pinus banksiana","Vaccinum angustifolium, Kalmia angustifolia",327,15,"","3",16.75,NA,1,9,NA,1,"","no permafrost","no permafrost","no permafrost","85","","","tree rings",400,"Picea mariana",0.461,NA,8.2,NA,NA,NA,NA,NA,NA,"Conifer"
"72","Pare","Eastern Quebec","Pas-03","PAS_03_","10/28/2021","2020","1919",NA,49.614006,-71.369453,"Black Spruce","Picea mariana","Picea mariana, Pinus banksiana","Vaccinum angustifolium, Kalmia angustifolia",315,0,"","3",21.5,NA,1,8,NA,1,"","no permafrost","no permafrost","no permafrost","75","","","tree rings",400,"Picea mariana",1.024,NA,16.8,NA,NA,NA,NA,NA,NA,"Conifer"
"73","Pare","Eastern Quebec","Pas-04","PAS_04_","10/28/2021","2020","1919",NA,49.635943,-71.376001,"Black Spruce","Picea mariana","Picea mariana, Salix sp.","Vaccinum angustifolium, Kalmia angustifolia",321,0,"","2",10.15,NA,1,5,NA,1,"","no permafrost","no permafrost","no permafrost","90","","","tree rings",400,"Picea mariana",1.024,NA,16.8,NA,NA,NA,NA,NA,NA,"Conifer"
"74","Pare","Eastern Quebec","Pas-05","PAS_05_","10/28/2021","2020","1919",NA,49.632588,-71.366973,"Black Spruce","Picea mariana","Picea mariana","Picea mariana, Salix sp.",317,0,"","3",16.75,NA,1,4,NA,1,"","no permafrost","no permafrost","no permafrost","71","","","tree rings",400,"Picea mariana",1.014,NA,28,NA,NA,NA,NA,NA,NA,"Conifer"
"75","Bergeron","Western Quebec","Sample 1","","","2021","",NA,NA,NA,"Black Spruce - Sphagnum","Black Spruce","Sphagnum","",315,0,"","6",16,NA,NA,2,NA,NA,"visual","","","","100","","","",NA,"",NA,NA,NA,NA,"",NA,NA,NA,NA,"Conifer"
"76","Bergeron","Western Quebec","Sample 2","","","2021","",NA,NA,NA,"Black Spruce - Sphagnum","Black Spruce","Sphagnum","",315,0,"","6",16,NA,NA,2,NA,NA,"visual","","","","100","","","",NA,"",NA,NA,NA,NA,"",NA,NA,NA,NA,"Conifer"
"77","Bergeron","Western Quebec","Sample 3","","","2021","",NA,NA,NA,"Black Spruce - Sphagnum","Black Spruce","Sphagnum","",315,0,"","6",18,NA,NA,2,NA,NA,"visual","","","","100","","","",NA,"",NA,NA,NA,NA,"",NA,NA,NA,NA,"Conifer"
"78","Bergeron","Western Quebec","Sample 4","","","2021","",NA,NA,NA,"Black Spruce - Sphagnum","Black Spruce","Sphagnum","",315,0,"","6",15,NA,NA,2,NA,NA,"visual","","","","100","","","",NA,"",NA,NA,NA,NA,"",NA,NA,NA,NA,"Conifer"
"79","Bergeron","Western Quebec","Sample 5","","","2021","",NA,NA,NA,"Black Spruce - Sphagnum","Black Spruce","Sphagnum","",315,0,"","6",20,NA,NA,2,NA,NA,"visual","","","","100","","","",NA,"",NA,NA,NA,NA,"",NA,NA,NA,NA,"Conifer"
"80","Lucas Brehaut","Newfoundland","ParB4_LCC1","","9/8/2023","2022","",NA,48.66828,-55.73553,"black spruce-Sphagnum","Picea mariana","Ericaceous shrub","sphanum",198,0,"","4",15.6,2.8,12,NA,NA,NA,"","","","","","","","",NA,"",NA,NA,NA,NA,"",NA,NA,NA,NA,"Conifer"
"81","Lucas Brehaut","Newfoundland","ParB5_LCC2","","9/8/2023","2022","",NA,48.66731,-55.73718,"black spruce-Sphagnum","Picea mariana","Ericaceous shrub","sphanum",198,0,"","4",16.1,3.9,12,NA,NA,NA,"","","","","","","","",NA,"",NA,NA,NA,NA,"",NA,NA,NA,NA,"Conifer"
"82","Lucas Brehaut","Newfoundland","ParB3_LCC3","","9/8/2023","2022","",NA,48.66489,-55.59241,"black spruce-Sphagnum","Picea mariana","Ericaceous shrub","sphanum",142,0,"","3",11.9,4.8,12,NA,NA,NA,"","","","","","","","",NA,"",NA,NA,NA,NA,"",NA,NA,NA,NA,"Conifer"
"83","Lucas Brehaut","Newfoundland","Parsv3pr52_LCC4","","9/8/2023","2022","",NA,48.66132,-55.70405,"black spruce-Sphagnum","Abies balsamea","Ericaceous shrub","sphanum",153,0,"","4",7,NA,1,NA,NA,NA,"","","","","","","","",NA,"",NA,NA,NA,NA,"",NA,NA,NA,NA,"Conifer"
"84","Lucas Brehaut","Newfoundland","ParB2_LCC5","","9/8/2023","2022","",NA,48.66895,-55.68267,"black spruce-Sphagnum","Picea mariana","Ericaceous shrub","sphanum",134,0,"","4",16.25,3.1,12,NA,NA,NA,"","","","","","","","",NA,"",NA,NA,NA,NA,"",NA,NA,NA,NA,"Conifer"
"85","Lucas Brehaut","Newfoundland","Parsv5pr5_LCC6","","9/8/2023","2022","",NA,48.66857,-55.68355,"black spruce-Sphagnum","Picea mariana","Ericaceous shrub","sphanum",138,0,"","4",12,NA,1,NA,NA,NA,"","","","","","","","",NA,"",NA,NA,NA,NA,"",NA,NA,NA,NA,"Conifer"
"86","Lucas Brehaut","Newfoundland","ParB1_LCC7","","9/8/2023","2022","",NA,48.66782,-55.68337,"black spruce-Sphagnum","Picea mariana","Ericaceous shrub","sphanum",138,0,"","3",8.5,4.6,12,NA,NA,NA,"","","","","","","","",NA,"",NA,NA,NA,NA,"",NA,NA,NA,NA,"Conifer"
"87","Lucas Brehaut","Newfoundland","ParB11_LCC8","","10/8/2023","2022","",NA,48.64427,-55.67433,"black spruce-Sphagnum","Picea mariana","Ericaceous shrub","sphanum",183,0,"","4",19.8,6.3,12,NA,NA,NA,"","","","","","","","",NA,"",NA,NA,NA,NA,"",NA,NA,NA,NA,"Conifer"
"88","Lucas Brehaut","Newfoundland","ParB10_LCC9","","10/8/2023","2022","",NA,48.64898,-55.55752,"black spruce-Sphagnum","Picea mariana","Ericaceous shrub","sphanum",157,0,"","4",19.3,3.2,12,NA,NA,NA,"","","","","","","","",NA,"",NA,NA,NA,NA,"",NA,NA,NA,NA,"Conifer"
"89","Lucas Brehaut","Newfoundland","ParB9_LCC10","","10/8/2023","2022","",NA,48.65039,-55.66309,"black spruce-Sphagnum","Picea mariana","Ericaceous shrub","sphanum",200,0,"","3",11.3,4,12,NA,NA,NA,"","","","","","","","",NA,"",NA,NA,NA,NA,"",NA,NA,NA,NA,"Conifer"
"90","Diaz-Veraverbeke","Alaska tundra","TUN1 23EF28B","","8/10/2023","2022","",NA,62.30191331,-162.83415,"Moist tussock tundra","","","sphagnum, lichen",30.61,5,"290","4",19.5,10.4,10,NA,NA,NA,"","126","6.2","11","","","","",NA,"",NA,NA,NA,NA,"",NA,NA,NA,NA,"Open"
"91","Diaz-Veraverbeke","Alaska tundra","TUN1 23EF28B","","8/10/2023","2022","",NA,62.31556198,-162.837568,"Moist tussock tundra","","","sphagnum, lichen",20,0,"nan","5",33,8.9,10,NA,NA,NA,"","65","5.3","11","","","","",NA,"",NA,NA,NA,NA,"",NA,NA,NA,NA,"Open"
"92","Diaz-Veraverbeke","Alaska tundra","TUN2 23EF29B","","8/11/2023","2022","",NA,62.48290013,-163.3422154,"Wet tussock tundra","","","sphagnum, lichen",35.47,0,"nan","5",31.3,7.8,10,NA,NA,NA,"","66","8","11","","","","",NA,"",NA,NA,NA,NA,"",NA,NA,NA,NA,"Open"
"93","Diaz-Veraverbeke","Alaska tundra","TUN3 23AP31B","","8/11/2023","2022","",NA,62.47728169,-163.380611,"Wet tussock tundra","","","sphagnum, lichen",37.78,0,"nan","5",31.8,5.3,10,NA,NA,NA,"","58","5.4","11","","","","",NA,"",NA,NA,NA,NA,"",NA,NA,NA,NA,"Open"
"94","Diaz-Veraverbeke","Alaska tundra","TUN3 23AP31B","","8/12/2023","2022","",NA,62.427706,-163.5255325,"Wet tussock tundra","","","sphagnum, lichen",25.75,3,"340","5",30.85,4.1,10,NA,NA,NA,"","57","4.8","11","","","","",NA,"",NA,NA,NA,NA,"",NA,NA,NA,NA,"Open"
"95","Diaz-Veraverbeke","Alaska tundra","TUN4 23AP33B","","8/13/2023","2022","",NA,62.57693652,-163.2258468,"Wet tussock tundra","","","sphagnum, lichen",36,3,"280","5",31.05,4,10,NA,NA,NA,"","69","9.3","11","","","","",NA,"",NA,NA,NA,NA,"",NA,NA,NA,NA,"Open"
"96","Diaz-Veraverbeke","Alaska tundra","TUN4 23AP33B","","8/13/2023","2022","",NA,62.58331323,-163.3250971,"Wet tussock tundra","","","sphagnum, lichen",30.65,2,"20","5",31.4,6,10,NA,NA,NA,"","64","6.3","11","","","","",NA,"",NA,NA,NA,NA,"",NA,NA,NA,NA,"Open"
"97","Diaz-Veraverbeke","Alaska tundra","TUN5 23AP34B","","8/13/2023","2022","",NA,62.57092154,-163.3946116,"Wet tussock tundra","","","sphagnum, lichen",23.9,4,"40","5",26.9,8,10,NA,NA,NA,"","61","2.9","11","","","","",NA,"",NA,NA,NA,NA,"",NA,NA,NA,NA,"Open"
"98","Diaz-Veraverbeke","Alaska tundra","TUN6 23AP36B","","8/13/2023","2022","",NA,62.54310196,-163.3769777,"Wet tussock tundra","","","sphagnum, lichen",35.7,4,"300","5",41.4,4.2,10,NA,NA,NA,"","62","35.7","11","","","","",NA,"",NA,NA,NA,NA,"",NA,NA,NA,NA,"Open"
"99","Diaz-Veraverbeke","Alaska tundra","TUN6 23AP36B","","8/14/2023","2022","",NA,62.46967621,-163.4968725,"Wet tussock tundra","","","sphagnum, lichen",30.91,2,"170","5",28.1,3.8,10,NA,NA,NA,"","63","15.5","11","","","","",NA,"",NA,NA,NA,NA,"",NA,NA,NA,NA,"Open"
"100","Hung and Natali","Alaska tundra","YKD","","19-Jul","2015","",NA,61.264,-163.248,"Tundra","Low deciduous shrub (Vaccinium spp., Betula nana, Rhododendron subarcticum, Empetrum nigrum)","Sphagnum, sedges (Eriophorum spp.)","Sphagnum, sedges, low shrub",18,NA,"","3",30,4.78,10,NA,NA,NA,"","","","","","","","",NA,"",NA,NA,NA,NA,"",NA,NA,NA,NA,"Open"
"101","Parisien","North-West Territory","SM 31-1 Burned","102-0002","6/24/2023","1950s","",NA,62.010535,-127.387491,"Black spruce woodland","Picea mariana","Rhododendron groenlandicum","Lichen/ feather mosss",NA,0,"","",9,NA,NA,NA,NA,NA,"","","","","","","","",NA,"",NA,NA,NA,NA,"",NA,NA,NA,NA,"Conifer"
"102","Parisien","North-West Territory","SM 44-2 Unburned","102-008","6/24/2023","1935","",NA,61.9072,-126.991922,"Mixed species conifer forest","Picea glauca","Vaccinium vitis-idea, Arctostaphylos uva-ursi","mixed ground shrub",NA,0,"","",9,NA,NA,NA,NA,NA,"","","","","","","","",NA,"",NA,NA,NA,NA,"",NA,NA,NA,NA,"Open"
"103","Parisien","North-West Territory","SM 31-2 Unburned","102-005","6/24/2023","unknown","",NA,62.010041,-127.391027,"Black spruce woodland","Picea mariana","Rhododendron groenlandicum","feather moss",NA,20,"","",16,NA,NA,NA,NA,NA,"","","","","","","","",NA,"",NA,NA,NA,NA,"",NA,NA,NA,NA,"Conifer"
"104","Parisien","North-West Territory","NP 19-1 Burned","102-0011","6/25/2023","2006","",NA,61.517782,-126.157327,"Black spruce lowland","Picea mariana","Rhododendron groenlandicum","sphagnum",NA,0,"","",14,NA,NA,NA,NA,NA,"","","","","","","","",NA,"",NA,NA,NA,NA,"",NA,NA,NA,NA,"Conifer"
"105","Parisien","North-West Territory","NP 19-2 Unburned","102-0014","6/25/2023","unknown","",NA,61.51743,-123.58101,"Black spruce lowland","Picea mariana","Rhododendron groenlandicum","feather moss",NA,0,"","",23,NA,NA,NA,NA,NA,"","","","","","","","",NA,"",NA,NA,NA,NA,"",NA,NA,NA,NA,"Conifer"
"106","Parisien","North-West Territory","NP 11-1 Burned","102-0017","6/26/2023","2013","",NA,61.769414,-125.573503,"White spruce upland","Picea glauca","Rhododendron groenlandicum","feather moss",NA,22,"","",12,NA,NA,NA,NA,NA,"","","","","","","","",NA,"",NA,NA,NA,NA,"",NA,NA,NA,NA,"Conifer"
"107","Parisien","North-West Territory","WF-LCC-1","102-0102","7/20/2023","unknown","",NA,63.093221,-123.233532,"White spruce upland","Picea glauca","Vaccinium vitis-idea","feather moss",NA,0,"","",17,NA,NA,NA,NA,NA,"","","","","","","","",NA,"",NA,NA,NA,NA,"",NA,NA,NA,NA,"Conifer"
"108","Parisien","North-West Territory","WF-LCC-2","102-0139","7/21/2023","unknown","",NA,62.950268,-123.205125,"White spruce upland","Picea glauca","Rosa acicularis, Cornus canadensis","feather moss",NA,7,"","",21,NA,NA,NA,NA,NA,"","","","","","","","",NA,"",NA,NA,NA,NA,"",NA,NA,NA,NA,"Conifer"
"109","Parisien","North-West Territory","WF-LCC-3","102-0169","7/22/2023","1979","",NA,62.744508,-123.117961,"Young aspen","Populus tremuloides","Linea borealis","leaf litter",NA,0,"","",9,NA,NA,NA,NA,NA,"","","","","","","","",NA,"",NA,NA,NA,NA,"",NA,NA,NA,NA,"Deciduous"
"110","Parisien","North-West Territory","WF-LCC-4","102-0171","7/22/2023","1975","",NA,62.367847,-122.845319,"Young pine","Pinus banksiana","Rosa acicularis, Vaccinium vitis-idea","feather moss",NA,0,"","",10,NA,NA,NA,NA,NA,"","","","","","","","",NA,"",NA,NA,NA,NA,"",NA,NA,NA,NA,"Conifer"
