Researcher,StudyArea,site,Photo_ID,Sampling_Date,Year_of_Burn,,,Latitude ,Longitude,Eco_Type,Dom_Tree,Dom_Understory,Dom_ground,Elevation,Slope ,Aspect,Moisture_Class,SOL_depth,SOL_depth_SD,SOL_depth_number,Burn_Depth,Burn_depth_SD,Burn_depth_number,Burn_depth_method,Thaw_depth,Thaw_depth_SD,Thaw_depth_number,Stand_age,Stand_age_SD,Stand_age_number,age_method,area_sampled_trees,tree1_species,tree1_density,tree1_density_SD,tree1_basalarea,tree1_basalarea_SD,tree2_species,tree2_density,tree2_density_SD,tree2_basalarea,tree2_basalarea_SD
Walker-Mack,NWT,SS33-3A,,2015,2014,,,60.9377645,-117.3726535,,,,,227.547,0,NA,mesic,13.55,,,9.532622779,,,,,,,90,,,,,black spruce,3.133333333,,,,,,,,
Walker-Mack,NWT,SS33-4A,,2015,2014,,,60.942481,-117.3787555,,,,,229.535,0,NA,mesic-subhygric,19.4,,,6.82978898,,,,,,,105,,,,,black spruce,0.6,,,,,,,,
Walker-Mack,NWT,ZF104-110A,,2015,2014,,,63.1091395,-113.9700465,,,,,293.283,0,NA,subhygric,24.9,,,9.998296564,,,,,,,56,,,,,black spruce,0.833333333,,,,,,,,
Walker-Mack,NWT,ZF104-63B,,2015,2014,,,63.0674515,-113.7326705,,,,,266.376,0,NA,mesic-subhygric,10.7,,,7.955595691,,,,,,,40,,,,,black spruce,0.883333333,,,,,,,,
Walker-Mack,NWT,ZF104-83B,,2015,2014,,,63.0457815,-114.0243315,,,,,270.94,0,NA,mesic,5.95,,,13.75918188,,,,,,,54,,,,,black spruce,0.633333333,,,,,,,,
Walker-Mack,NWT,ZF20-10A,,2015,2014,,,61.804575,-116.7246355,,,,,238.162,0,NA,mesic-subxeric,7.95,,,5.31217084,,,,,,,84,,,,,black spruce,1.933333333,,,,,,,,
Walker-Mack,NWT,ZF20-35A,,2015,2014,,,61.632408,-117.1014555,,,,,214.816,0,NA,mesic-subhygric,18.6,,,9.735823723,,,,,,,95,,,,,black spruce,0.316666667,,,,,,,,
Walker-Mack,NWT,ZF20-4A,,2015,2014,,,61.862713,-116.597281,,,,,220.485,0,NA,mesic-subxeric,5.25,,,11.51428066,,,,,,,150,,,,,black spruce,0.866666667,,,,,,,,
Walker-Mack,NWT,ZF20-52A,,2015,2014,,,61.619818,-117.11774,,,,,208.967,0,NA,mesic,10.4,,,5.162455251,,,,,,,93,,,,,black spruce,1.333333333,,,,,,,,
Walker-Mack,NWT,ZF20-8A,,2015,2014,,,61.83902,-116.636117,,,,,247.046,0,NA,xeric,5.2,,,1.14,,,,,,,89,,,,,black spruce,0,,,,,,,,
Walker-Mack,NWT,ZF20-9A,,2015,2014,,,61.7935855,-116.7318445,,,,,230.303,0,NA,mesic-subxeric,11.85,,,9.20958524,,,,,,,85,,,,,black spruce,1.583333333,,,,,,,,
Walker-Mack,NWT,ZF26-104A,,2015,2014,,,64.136594,-114.210953,,,,,384.436,0,NA,mesic-subhygric,31.15,,,10.95226801,,,,,,,78,,,,,black spruce,0.85,,,,,,,,
Walker-Mack,NWT,ZF26-112A,,2015,2014,,,64.1329435,-114.291245,,,,,379.805,0,NA,subxeric,4.25,,,4.256236937,,,,,,,59,,,,,black spruce,0.066666667,,,,,,,,
Walker-Mack,NWT,ZF26-112B,,2015,2014,,,64.133308,-114.2952495,,,,,376.837,0,NA,subhygric,42.3,,,9.278506489,,,,,,,59,,,,,black spruce,0.1,,,,,,,,
Walker-Mack,NWT,ZF26-118C,,2015,2014,,,64.1244705,-114.2929825,,,,,359.23,0,NA,mesic-subxeric,5.2,,,8.53559363,,,,,,,36,,,,,black spruce,0.516666667,,,,,,,,
Walker-Mack,NWT,ZF26-54A,,2015,2014,,,64.161929,-114.2563755,,,,,369.976,0,NA,mesic-subhygric,16.6,,,8.709667973,,,,,,,126,,,,,black spruce,0.316666667,,,,,,,,
Walker-Mack,NWT,ZF26-7A,,2015,2014,,,64.142611,-114.2040955,,,,,387.016,8,0,mesic-subxeric,3.15,,,10.6092181,,,,,,,115,,,,,black spruce,0.05,,,,,,,,
Walker-Mack,NWT,ZF26-96A,,2015,2014,,,64.1534345,-114.266946,,,,,358.512,0,NA,mesic-subxeric,4.7,,,13.13116451,,,,,,,132,,,,,black spruce,0.233333333,,,,,,,,
Walker-Mack,NWT,ZF35-11A,,2015,2014,,,64.0423425,-117.505186,,,,,225.388,0,NA,mesic-subhygric,20.3,,,13.77348014,,,,,,,189,,,,,black spruce,0.4,,,,,,,,
Walker-Mack,NWT,ZF35-29A,,2015,2014,,,64.093375,-117.463737,,,,,225.872,0,NA,mesic-subhygric,22.7,,,10.52955109,,,,,,,131,,,,,black spruce,0.366666667,,,,,,,,
Walker-Mack,NWT,ZF35-2A,,2015,2014,,,64.0573895,-117.472852,,,,,205.832,0,NA,mesic-subxeric,4.35,,,17.6161888,,,,,,,130,,,,,black spruce,0.066666667,,,,,,,,
Walker-Mack,NWT,ZF35-37A,,2015,2014,,,64.0439465,-117.4953895,,,,,214.048,0,NA,subxeric,2.05,,,9.399661788,,,,,,,192,,,,,black spruce,0.15,,,,,,,,
Walker-Mack,NWT,ZF35-39A,,2015,2014,,,64.0963715,-117.4606705,,,,,230.074,0,NA,mesic,4.7,,,8.865573462,,,,,,,68,,,,,black spruce,0.333333333,,,,,,,,
Walker-Mack,NWT,ZF35-9A,,2015,2014,,,64.1092635,-117.471687,,,,,246.444,0,NA,subhygric,37,,,11.11093487,,,,,,,130,,,,,black spruce,0.383333333,,,,,,,,
Walker-Mack,NWT,ZF44-16A,,2015,2014,,,64.0982325,-117.2649265,,,,,207.683,3,190,mesic,9.65,,,8.159016418,,,,,,,198,,,,,black spruce,0.75,,,,,,,,
Walker-Mack,NWT,ZF44-37A,,2015,2014,,,64.106324,-117.260634,,,,,212.662,15,118,xeric,1.75,,,10.43542959,,,,,,,205,,,,,black spruce,0.15,,,,,,,,
Walker-Mack,NWT,ZF44-54A,,2015,2014,,,64.140861,-117.198914,,,,,206.885,4,190,mesic-subxeric,14.3,,,7.922378704,,,,,,,36,,,,,black spruce,0.433333333,,,,,,,,
Walker-Mack,NWT,ZF44-54B,,2015,2014,,,64.1433335,-117.1995745,,,,,226.989,2,180,xeric,2.9,,,5.962088107,,,,,,,19,,,,,black spruce,0.033333333,,,,,,,,
Walker-Mack,NWT,ZF44-5A,,2015,2014,,,64.102634,-117.251944,,,,,204.054,0,NA,subhygric,41.2,,,9.082028055,,,,,,,102,,,,,black spruce,0.433333333,,,,,,,,
Walker-Mack,NWT,ZF44-71B,,2015,2014,,,64.117952,-117.2001645,,,,,216.971,0,NA,mesic-subhygric,9.9,,,7.34974452,,,,,,,47,,,,,black spruce,2.5,,,,,,,,
Walker-Mack,NWT,ZF44-9A,,2015,2014,,,64.1056975,-117.248699,,,,,224.302,0,NA,subxeric,3.7,,,8.672414916,,,,,,,110,,,,,black spruce,0.7,,,,,,,,
Walker-Mack,NWT,ZF46-5A,,2015,2014,,,62.482125,-116.6034215,,,,,270.914,0,NA,mesic,5.85,,,10.02346983,,,,,,,118,,,,,black spruce,2.1,,,,,,,,
